ID,URL
1,https://www.sharedmobility.news/2385-2/
2,https://www.sharedmobility.news/2385-2/
3,https://www.sharedmobility.news/2385-2/
4,https://www.sharedmobility.news/2385-2/
5,https://www.sharedmobility.news/2385-2/
6,https://www.sharedmobility.news/2385-2/
7,https://www.sharedmobility.news/2385-2/
8,https://www.sharedmobility.news/2385-2/
9,https://www.sharedmobility.news/2385-2/
10,https://www.sharedmobility.news/2385-2/
11,https://www.sharedmobility.news/2385-2/
12,https://www.sharedmobility.news/2385-2/
13,https://www.sharedmobility.news/2385-2/
14,https://www.sharedmobility.news/2385-2/
15,https://www.sharedmobility.news/2385-2/
16,https://www.sharedmobility.news/2385-2/
17,https://www.sharedmobility.news/2385-2/
18,https://www.sharedmobility.news/2385-2/
19,https://www.sharedmobility.news/2385-2/
20,https://www.sharedmobility.news/2385-2/
21,https://www.sharedmobility.news/2385-2/
22,https://www.sharedmobility.news/2385-2/
23,https://www.sharedmobility.news/2385-2/
24,https://www.sharedmobility.news/2385-2/
25,https://www.sharedmobility.news/2385-2/
26,https://www.sharedmobility.news/2385-2/
27,https://www.sharedmobility.news/2385-2/
28,https://www.sharedmobility.news/2385-2/
29,https://www.sharedmobility.news/2385-2/
30,https://www.sharedmobility.news/2385-2/
31,https://www.sharedmobility.news/2385-2/
32,https://www.sharedmobility.news/2385-2/
33,https://www.sharedmobility.news/2385-2/
34,https://www.sharedmobility.news/2385-2/
35,https://www.sharedmobility.news/2385-2/
36,https://www.sharedmobility.news/2385-2/
37,https://www.sharedmobility.news/2385-2/
38,https://www.sharedmobility.news/2385-2/
39,https://www.sharedmobility.news/2385-2/
40,https://www.sharedmobility.news/2385-2/
41,https://www.sharedmobility.news/2385-2/
42,https://www.sharedmobility.news/2385-2/
43,https://www.sharedmobility.news/2385-2/
44,https://www.sharedmobility.news/2385-2/
45,https://www.sharedmobility.news/2385-2/
46,https://www.sharedmobility.news/2385-2/
47,https://www.sharedmobility.news/2385-2/
48,https://www.sharedmobility.news/2385-2/
49,https://www.sharedmobility.news/2385-2/
50,https://www.sharedmobility.news/2385-2/
51,https://www.sharedmobility.news/2385-2/
52,https://www.sharedmobility.news/2385-2/
53,https://www.sharedmobility.news/2385-2/
54,https://www.sharedmobility.news/2385-2/
55,https://www.sharedmobility.news/2385-2/
56,https://www.sharedmobility.news/2385-2/
57,https://www.sharedmobility.news/2385-2/
58,https://www.sharedmobility.news/2385-2/
59,https://www.sharedmobility.news/2385-2/
60,https://www.sharedmobility.news/2385-2/
61,https://www.sharedmobility.news/2385-2/
62,https://www.sharedmobility.news/2385-2/
63,https://www.sharedmobility.news/2385-2/
64,https://www.sharedmobility.news/2385-2/
65,https://www.sharedmobility.news/2385-2/
66,https://www.sharedmobility.news/2385-2/
67,https://www.sharedmobility.news/2385-2/
68,https://www.sharedmobility.news/2385-2/
69,https://www.sharedmobility.news/2385-2/
70,https://www.sharedmobility.news/2385-2/
71,https://www.sharedmobility.news/2385-2/
72,https://www.sharedmobility.news/2385-2/
73,https://www.sharedmobility.news/2385-2/
74,https://www.sharedmobility.news/2385-2/
75,https://www.sharedmobility.news/2385-2/
76,https://www.sharedmobility.news/2385-2/
77,https://www.sharedmobility.news/2385-2/
78,https://www.sharedmobility.news/2385-2/
79,https://www.sharedmobility.news/2385-2/
80,https://www.sharedmobility.news/2385-2/
81,https://www.sharedmobility.news/2385-2/
82,https://www.sharedmobility.news/2385-2/
83,https://www.sharedmobility.news/2385-2/
84,https://www.sharedmobility.news/2385-2/
85,https://www.sharedmobility.news/2385-2/
86,https://www.sharedmobility.news/2385-2/
87,https://www.sharedmobility.news/2385-2/
88,https://www.sharedmobility.news/2385-2/
89,https://www.sharedmobility.news/2385-2/
90,https://www.sharedmobility.news/2385-2/
91,https://www.sharedmobility.news/2385-2/
92,https://www.sharedmobility.news/2385-2/
93,https://www.sharedmobility.news/2385-2/
94,https://www.sharedmobility.news/2385-2/
95,https://www.sharedmobility.news/2385-2/
96,https://www.sharedmobility.news/2385-2/
97,https://www.sharedmobility.news/2385-2/
98,https://www.sharedmobility.news/2385-2/
99,https://www.sharedmobility.news/2385-2/
100,https://www.sharedmobility.news/2385-2/
101,https://www.sharedmobility.news/2385-2/
102,https://www.sharedmobility.news/2385-2/
103,https://www.sharedmobility.news/2385-2/
104,https://www.sharedmobility.news/2385-2/
105,https://www.sharedmobility.news/2385-2/
106,https://www.sharedmobility.news/2385-2/
107,https://www.sharedmobility.news/2385-2/
108,https://www.sharedmobility.news/2385-2/
109,https://www.sharedmobility.news/2385-2/
110,https://www.sharedmobility.news/2385-2/
111,https://www.sharedmobility.news/2385-2/
112,https://www.sharedmobility.news/2385-2/
113,https://www.sharedmobility.news/2385-2/
114,https://www.sharedmobility.news/2385-2/
115,https://www.sharedmobility.news/2385-2/
116,https://www.sharedmobility.news/2385-2/
117,https://www.sharedmobility.news/2385-2/
118,https://www.sharedmobility.news/2385-2/
119,https://www.sharedmobility.news/2385-2/
120,https://www.sharedmobility.news/2385-2/
121,https://www.sharedmobility.news/2385-2/
122,https://www.sharedmobility.news/2385-2/
123,https://www.sharedmobility.news/2385-2/
124,https://www.sharedmobility.news/2385-2/
125,https://www.sharedmobility.news/2385-2/
126,https://www.sharedmobility.news/2385-2/
127,https://www.sharedmobility.news/2385-2/
128,https://www.sharedmobility.news/2385-2/
129,https://www.sharedmobility.news/2385-2/
130,https://www.sharedmobility.news/2385-2/
131,https://www.sharedmobility.news/2385-2/
132,https://www.sharedmobility.news/2385-2/
133,https://www.sharedmobility.news/2385-2/
134,https://www.sharedmobility.news/2385-2/
135,https://www.sharedmobility.news/2385-2/
136,https://www.sharedmobility.news/2385-2/
137,https://www.sharedmobility.news/2385-2/
138,https://www.sharedmobility.news/2385-2/
139,https://www.sharedmobility.news/2385-2/
140,https://www.sharedmobility.news/2385-2/
141,https://www.sharedmobility.news/2385-2/
142,https://www.sharedmobility.news/2385-2/
143,https://www.sharedmobility.news/2385-2/
144,https://www.sharedmobility.news/2385-2/
145,https://www.sharedmobility.news/2385-2/
146,https://www.sharedmobility.news/2385-2/
147,https://www.sharedmobility.news/2385-2/
148,https://www.sharedmobility.news/2385-2/
149,https://www.sharedmobility.news/2385-2/
150,https://www.sharedmobility.news/2385-2/
151,https://www.sharedmobility.news/2385-2/
152,https://www.sharedmobility.news/2385-2/
153,https://www.sharedmobility.news/2385-2/
154,https://www.sharedmobility.news/2385-2/
155,https://www.sharedmobility.news/2385-2/
156,https://www.sharedmobility.news/2385-2/
157,https://www.sharedmobility.news/2385-2/
158,https://www.sharedmobility.news/2385-2/
159,https://www.sharedmobility.news/2385-2/
160,https://www.sharedmobility.news/2385-2/
161,https://www.sharedmobility.news/2385-2/
162,https://www.sharedmobility.news/2385-2/
163,https://www.sharedmobility.news/2385-2/
164,https://www.sharedmobility.news/2385-2/
165,https://www.sharedmobility.news/2385-2/
166,https://www.sharedmobility.news/2385-2/
167,https://www.sharedmobility.news/2385-2/
168,https://www.sharedmobility.news/2385-2/
169,https://www.sharedmobility.news/2385-2/
170,https://www.sharedmobility.news/2385-2/
171,https://www.sharedmobility.news/2385-2/
172,https://www.sharedmobility.news/2385-2/
173,https://www.sharedmobility.news/2385-2/
174,https://www.sharedmobility.news/2385-2/
175,https://www.sharedmobility.news/2385-2/
176,https://www.sharedmobility.news/2385-2/
177,https://www.sharedmobility.news/2385-2/
178,https://www.sharedmobility.news/2385-2/
179,https://www.sharedmobility.news/2385-2/
180,https://www.sharedmobility.news/2385-2/
181,https://www.sharedmobility.news/2385-2/
182,https://www.sharedmobility.news/2385-2/
183,https://www.sharedmobility.news/2385-2/
184,https://www.sharedmobility.news/2385-2/
185,https://www.sharedmobility.news/2385-2/
186,https://www.sharedmobility.news/2385-2/
187,https://www.sharedmobility.news/2385-2/
188,https://www.sharedmobility.news/2385-2/
189,https://www.sharedmobility.news/2385-2/
190,https://www.sharedmobility.news/2385-2/
191,https://www.sharedmobility.news/2385-2/
192,https://www.sharedmobility.news/2385-2/
193,https://www.sharedmobility.news/2385-2/
194,https://www.sharedmobility.news/2385-2/
195,https://www.sharedmobility.news/2385-2/
196,https://www.sharedmobility.news/2385-2/
197,https://www.sharedmobility.news/2385-2/
198,https://www.sharedmobility.news/2385-2/
199,https://www.sharedmobility.news/2385-2/
200,https://www.sharedmobility.news/2385-2/
201,https://www.sharedmobility.news/2385-2/
202,https://www.sharedmobility.news/2385-2/
203,https://www.sharedmobility.news/2385-2/
204,https://www.sharedmobility.news/2385-2/
205,https://www.sharedmobility.news/2385-2/
206,https://www.sharedmobility.news/2385-2/
207,https://www.sharedmobility.news/2385-2/
208,https://www.sharedmobility.news/2385-2/
209,https://www.sharedmobility.news/2385-2/
210,https://www.sharedmobility.news/2385-2/
211,https://www.sharedmobility.news/2385-2/
212,https://www.sharedmobility.news/2385-2/
213,https://www.sharedmobility.news/2385-2/
214,https://www.sharedmobility.news/2385-2/
215,https://www.sharedmobility.news/2385-2/
216,https://www.sharedmobility.news/2385-2/
217,https://www.sharedmobility.news/2385-2/
218,https://www.sharedmobility.news/2385-2/
219,https://www.sharedmobility.news/2385-2/
220,https://www.sharedmobility.news/2385-2/
221,https://www.sharedmobility.news/2385-2/
222,https://www.sharedmobility.news/2385-2/
223,https://www.sharedmobility.news/2385-2/
224,https://www.sharedmobility.news/2385-2/
225,https://www.sharedmobility.news/2385-2/
226,https://www.sharedmobility.news/2385-2/
227,https://www.sharedmobility.news/2385-2/
228,https://www.sharedmobility.news/2385-2/
229,https://www.sharedmobility.news/2385-2/
230,https://www.sharedmobility.news/2385-2/
231,https://www.sharedmobility.news/2385-2/
232,https://www.sharedmobility.news/2385-2/
233,https://www.sharedmobility.news/2385-2/
234,https://www.sharedmobility.news/2385-2/
235,https://www.sharedmobility.news/2385-2/
236,https://www.sharedmobility.news/2385-2/
237,https://www.sharedmobility.news/2385-2/
238,https://www.sharedmobility.news/2385-2/
239,https://www.sharedmobility.news/2385-2/
240,https://www.sharedmobility.news/2385-2/
241,https://www.sharedmobility.news/2385-2/
242,https://www.sharedmobility.news/2385-2/
243,https://www.sharedmobility.news/2385-2/
244,https://www.sharedmobility.news/2385-2/
245,https://www.sharedmobility.news/2385-2/
246,https://www.sharedmobility.news/2385-2/
247,https://www.sharedmobility.news/2385-2/
248,https://www.sharedmobility.news/2385-2/
249,https://www.sharedmobility.news/2385-2/
250,https://www.sharedmobility.news/2385-2/
251,https://www.sharedmobility.news/2385-2/
252,https://www.sharedmobility.news/2385-2/
253,https://www.sharedmobility.news/2385-2/
254,https://www.sharedmobility.news/2385-2/
255,https://www.sharedmobility.news/2385-2/
256,https://www.sharedmobility.news/2385-2/
257,https://www.sharedmobility.news/2385-2/
258,https://www.sharedmobility.news/2385-2/
259,https://www.sharedmobility.news/2385-2/
260,https://www.sharedmobility.news/2385-2/
261,https://www.sharedmobility.news/2385-2/
262,https://www.sharedmobility.news/2385-2/
263,https://www.sharedmobility.news/2385-2/
264,https://www.sharedmobility.news/2385-2/
265,https://www.sharedmobility.news/2385-2/
266,https://www.sharedmobility.news/2385-2/
267,https://www.sharedmobility.news/2385-2/
268,https://www.sharedmobility.news/2385-2/
269,https://www.sharedmobility.news/2385-2/
270,https://www.sharedmobility.news/2385-2/
271,https://www.sharedmobility.news/2385-2/
272,https://www.sharedmobility.news/2385-2/
273,https://www.sharedmobility.news/2385-2/
274,https://www.sharedmobility.news/2385-2/
275,https://www.sharedmobility.news/2385-2/
276,https://www.sharedmobility.news/2385-2/
277,https://www.sharedmobility.news/2385-2/
278,https://www.sharedmobility.news/2385-2/
279,https://www.sharedmobility.news/2385-2/
280,https://www.sharedmobility.news/2385-2/
281,https://www.sharedmobility.news/2385-2/
282,https://www.sharedmobility.news/2385-2/
283,https://www.sharedmobility.news/2385-2/
284,https://www.sharedmobility.news/2385-2/
285,https://www.sharedmobility.news/2385-2/
286,https://www.sharedmobility.news/2385-2/
287,https://www.sharedmobility.news/2385-2/
288,https://www.sharedmobility.news/2385-2/
289,https://www.sharedmobility.news/2385-2/
290,https://www.sharedmobility.news/2385-2/
291,https://www.sharedmobility.news/2385-2/
292,https://www.sharedmobility.news/2385-2/
293,https://www.sharedmobility.news/2385-2/
294,https://www.sharedmobility.news/2385-2/
295,https://www.sharedmobility.news/2385-2/
296,https://www.sharedmobility.news/2385-2/
297,https://www.sharedmobility.news/2385-2/
298,https://www.sharedmobility.news/2385-2/
299,https://www.sharedmobility.news/2385-2/
300,https://www.sharedmobility.news/2385-2/
301,https://www.sharedmobility.news/2385-2/
302,https://www.sharedmobility.news/2385-2/
303,https://www.sharedmobility.news/2385-2/
304,https://www.sharedmobility.news/2385-2/
305,https://www.sharedmobility.news/2385-2/
306,https://www.sharedmobility.news/2385-2/
307,https://www.sharedmobility.news/2385-2/
308,https://www.sharedmobility.news/2385-2/
309,https://www.sharedmobility.news/2385-2/
310,https://www.sharedmobility.news/2385-2/
311,https://www.sharedmobility.news/2385-2/
312,https://www.sharedmobility.news/2385-2/
313,https://www.sharedmobility.news/2385-2/
314,https://www.sharedmobility.news/2385-2/
315,https://www.sharedmobility.news/2385-2/
316,https://www.sharedmobility.news/2385-2/
317,https://www.sharedmobility.news/2385-2/
318,https://www.sharedmobility.news/2385-2/
319,https://www.sharedmobility.news/2385-2/
320,https://www.sharedmobility.news/2385-2/
321,https://www.sharedmobility.news/2385-2/
322,https://www.sharedmobility.news/2385-2/
323,https://www.sharedmobility.news/2385-2/
324,https://www.sharedmobility.news/2385-2/
325,https://www.sharedmobility.news/2385-2/
326,https://www.sharedmobility.news/2385-2/
327,https://www.sharedmobility.news/2385-2/
328,https://www.sharedmobility.news/2385-2/
329,https://www.sharedmobility.news/2385-2/
330,https://www.sharedmobility.news/2385-2/
331,https://www.sharedmobility.news/2385-2/
332,https://www.sharedmobility.news/2385-2/
333,https://www.sharedmobility.news/2385-2/
334,https://www.sharedmobility.news/2385-2/
335,https://www.sharedmobility.news/2385-2/
336,https://www.sharedmobility.news/2385-2/
337,https://www.sharedmobility.news/2385-2/
338,https://www.sharedmobility.news/2385-2/
339,https://www.sharedmobility.news/2385-2/
340,https://www.sharedmobility.news/2385-2/
341,https://www.sharedmobility.news/2385-2/
342,https://www.sharedmobility.news/2385-2/
343,https://www.sharedmobility.news/2385-2/
344,https://www.sharedmobility.news/2385-2/
345,https://www.sharedmobility.news/2385-2/
346,https://www.sharedmobility.news/2385-2/
347,https://www.sharedmobility.news/2385-2/
348,https://www.sharedmobility.news/2385-2/
349,https://www.sharedmobility.news/2385-2/
350,https://www.sharedmobility.news/2385-2/
351,https://www.sharedmobility.news/2385-2/
352,https://www.sharedmobility.news/2385-2/
353,https://www.sharedmobility.news/2385-2/
354,https://www.sharedmobility.news/2385-2/
355,https://www.sharedmobility.news/2385-2/
356,https://www.sharedmobility.news/2385-2/
357,https://www.sharedmobility.news/2385-2/
358,https://www.sharedmobility.news/2385-2/
359,https://www.sharedmobility.news/2385-2/
360,https://www.sharedmobility.news/2385-2/
361,https://www.sharedmobility.news/2385-2/
362,https://www.sharedmobility.news/2385-2/
363,https://www.sharedmobility.news/2385-2/
364,https://www.sharedmobility.news/2385-2/
365,https://www.sharedmobility.news/2385-2/
366,https://www.sharedmobility.news/2385-2/
367,https://www.sharedmobility.news/2385-2/
368,https://www.sharedmobility.news/2385-2/
369,https://www.sharedmobility.news/2385-2/
370,https://www.sharedmobility.news/2385-2/
371,https://www.sharedmobility.news/2385-2/
372,https://www.sharedmobility.news/2385-2/
373,https://www.sharedmobility.news/2385-2/
374,https://www.sharedmobility.news/2385-2/
375,https://www.sharedmobility.news/2385-2/
376,https://www.sharedmobility.news/2385-2/
377,https://www.sharedmobility.news/2385-2/
378,https://www.sharedmobility.news/2385-2/
379,https://www.sharedmobility.news/2385-2/
380,https://www.sharedmobility.news/2385-2/
381,https://www.sharedmobility.news/2385-2/
382,https://www.sharedmobility.news/2385-2/
383,https://www.sharedmobility.news/2385-2/
384,https://www.sharedmobility.news/2385-2/
385,https://www.sharedmobility.news/2385-2/
386,https://www.sharedmobility.news/2385-2/
387,https://www.sharedmobility.news/2385-2/
388,https://www.sharedmobility.news/2385-2/
389,https://www.sharedmobility.news/2385-2/
390,https://www.sharedmobility.news/2385-2/
391,https://www.sharedmobility.news/2385-2/
392,https://www.sharedmobility.news/2385-2/
393,https://www.sharedmobility.news/2385-2/
394,https://www.sharedmobility.news/2385-2/
395,https://www.sharedmobility.news/2385-2/
396,https://www.sharedmobility.news/2385-2/
397,https://www.sharedmobility.news/2385-2/
398,https://www.sharedmobility.news/2385-2/
399,https://www.sharedmobility.news/2385-2/
400,https://www.sharedmobility.news/2385-2/
401,https://www.sharedmobility.news/2385-2/
402,https://www.sharedmobility.news/2385-2/
403,https://www.sharedmobility.news/2385-2/
404,https://www.sharedmobility.news/2385-2/
405,https://www.sharedmobility.news/2385-2/
406,https://www.sharedmobility.news/2385-2/
407,https://www.sharedmobility.news/2385-2/
408,https://www.sharedmobility.news/2385-2/
409,https://www.sharedmobility.news/2385-2/
410,https://www.sharedmobility.news/2385-2/
411,https://www.sharedmobility.news/2385-2/
412,https://www.sharedmobility.news/2385-2/
413,https://www.sharedmobility.news/2385-2/
414,https://www.sharedmobility.news/2385-2/
415,https://www.sharedmobility.news/2385-2/
416,https://www.sharedmobility.news/2385-2/
417,https://www.sharedmobility.news/2385-2/
418,https://www.sharedmobility.news/2385-2/
419,https://www.sharedmobility.news/2385-2/
420,https://www.sharedmobility.news/2385-2/
421,https://www.sharedmobility.news/2385-2/
422,https://www.sharedmobility.news/2385-2/
423,https://www.sharedmobility.news/2385-2/
424,https://www.sharedmobility.news/2385-2/
425,https://www.sharedmobility.news/2385-2/
426,https://www.sharedmobility.news/2385-2/
427,https://www.sharedmobility.news/2385-2/
428,https://www.sharedmobility.news/2385-2/
429,https://www.sharedmobility.news/2385-2/
430,https://www.sharedmobility.news/2385-2/
431,https://www.sharedmobility.news/2385-2/
432,https://www.sharedmobility.news/2385-2/
433,https://www.sharedmobility.news/2385-2/
434,https://www.sharedmobility.news/2385-2/
435,https://www.sharedmobility.news/2385-2/
436,https://www.sharedmobility.news/2385-2/
437,https://www.sharedmobility.news/2385-2/
438,https://www.sharedmobility.news/2385-2/
439,https://www.sharedmobility.news/2385-2/
440,https://www.sharedmobility.news/2385-2/
441,https://www.sharedmobility.news/2385-2/
442,https://www.sharedmobility.news/2385-2/
443,https://www.sharedmobility.news/2385-2/
444,https://www.sharedmobility.news/2385-2/
445,https://www.sharedmobility.news/2385-2/
446,https://www.sharedmobility.news/2385-2/
447,https://www.sharedmobility.news/2385-2/
448,https://www.sharedmobility.news/2385-2/
449,https://www.sharedmobility.news/2385-2/
450,https://www.sharedmobility.news/2385-2/
451,https://www.sharedmobility.news/2385-2/
452,https://www.sharedmobility.news/2385-2/
453,https://www.sharedmobility.news/2385-2/
454,https://www.sharedmobility.news/2385-2/
455,https://www.sharedmobility.news/2385-2/
456,https://www.sharedmobility.news/2385-2/
457,https://www.sharedmobility.news/2385-2/
458,https://www.sharedmobility.news/2385-2/
459,https://www.sharedmobility.news/2385-2/
460,https://www.sharedmobility.news/2385-2/
461,https://www.sharedmobility.news/2385-2/
462,https://www.sharedmobility.news/2385-2/
463,https://www.sharedmobility.news/2385-2/
464,https://www.sharedmobility.news/2385-2/
465,https://www.sharedmobility.news/2385-2/
466,https://www.sharedmobility.news/2385-2/
467,https://www.sharedmobility.news/2385-2/
468,https://www.sharedmobility.news/2385-2/
469,https://www.sharedmobility.news/2385-2/
470,https://www.sharedmobility.news/2385-2/
471,https://www.sharedmobility.news/2385-2/
472,https://www.sharedmobility.news/2385-2/
473,https://www.sharedmobility.news/2385-2/
474,https://www.sharedmobility.news/2385-2/
475,https://www.sharedmobility.news/2385-2/
476,https://www.sharedmobility.news/2385-2/
477,https://www.sharedmobility.news/2385-2/
478,https://www.sharedmobility.news/2385-2/
479,https://www.sharedmobility.news/2385-2/
480,https://www.sharedmobility.news/2385-2/
481,https://www.sharedmobility.news/2385-2/
482,https://www.sharedmobility.news/2385-2/
483,https://www.sharedmobility.news/2385-2/
484,https://www.sharedmobility.news/2385-2/
485,https://www.sharedmobility.news/2385-2/
486,https://www.sharedmobility.news/2385-2/
487,https://www.sharedmobility.news/2385-2/
488,https://www.sharedmobility.news/2385-2/
489,https://www.sharedmobility.news/2385-2/
490,https://www.sharedmobility.news/2385-2/
491,https://www.sharedmobility.news/2385-2/
492,https://www.sharedmobility.news/2385-2/
493,https://www.sharedmobility.news/2385-2/
494,https://www.sharedmobility.news/2385-2/
495,https://www.sharedmobility.news/2385-2/
496,https://www.sharedmobility.news/2385-2/
497,https://www.sharedmobility.news/2385-2/
498,https://www.sharedmobility.news/2385-2/
499,https://www.sharedmobility.news/2385-2/
500,https://www.sharedmobility.news/2385-2/
501,https://www.sharedmobility.news/2385-2/
502,https://www.sharedmobility.news/2385-2/
503,https://www.sharedmobility.news/2385-2/
504,https://www.sharedmobility.news/2385-2/
505,https://www.sharedmobility.news/2385-2/
506,https://www.sharedmobility.news/2385-2/
507,https://www.sharedmobility.news/2385-2/
508,https://www.sharedmobility.news/2385-2/
509,https://www.sharedmobility.news/2385-2/
510,https://www.sharedmobility.news/2385-2/
511,https://www.sharedmobility.news/2385-2/
512,https://www.sharedmobility.news/2385-2/
513,https://www.sharedmobility.news/2385-2/
514,https://www.sharedmobility.news/2385-2/
515,https://www.sharedmobility.news/2385-2/
516,https://www.sharedmobility.news/2385-2/
517,https://www.sharedmobility.news/2385-2/
518,https://www.sharedmobility.news/2385-2/
519,https://www.sharedmobility.news/2385-2/
520,https://www.sharedmobility.news/2385-2/
521,https://www.sharedmobility.news/2385-2/
522,https://www.sharedmobility.news/2385-2/
523,https://www.sharedmobility.news/2385-2/
524,https://www.sharedmobility.news/2385-2/
525,https://www.sharedmobility.news/2385-2/
526,https://www.sharedmobility.news/2385-2/
527,https://www.sharedmobility.news/2385-2/
528,https://www.sharedmobility.news/2385-2/
529,https://www.sharedmobility.news/2385-2/
530,https://www.sharedmobility.news/2385-2/
531,https://www.sharedmobility.news/2385-2/
532,https://www.sharedmobility.news/2385-2/
533,https://www.sharedmobility.news/2385-2/
534,https://www.sharedmobility.news/2385-2/
535,https://www.sharedmobility.news/2385-2/
536,https://www.sharedmobility.news/2385-2/
537,https://www.sharedmobility.news/2385-2/
538,https://www.sharedmobility.news/2385-2/
539,https://www.sharedmobility.news/2385-2/
540,https://www.sharedmobility.news/2385-2/
541,https://www.sharedmobility.news/2385-2/
542,https://www.sharedmobility.news/2385-2/
543,https://www.sharedmobility.news/2385-2/
544,https://www.sharedmobility.news/2385-2/
545,https://www.sharedmobility.news/2385-2/
546,https://www.sharedmobility.news/2385-2/
547,https://www.sharedmobility.news/2385-2/
548,https://www.sharedmobility.news/2385-2/
549,https://www.sharedmobility.news/2385-2/
550,https://www.sharedmobility.news/2385-2/
551,https://www.sharedmobility.news/2385-2/
552,https://www.sharedmobility.news/2385-2/
553,https://www.sharedmobility.news/2385-2/
554,https://www.sharedmobility.news/2385-2/
555,https://www.sharedmobility.news/2385-2/
556,https://www.sharedmobility.news/2385-2/
557,https://www.sharedmobility.news/2385-2/
558,https://www.sharedmobility.news/2385-2/
559,https://www.sharedmobility.news/2385-2/
560,https://www.sharedmobility.news/2385-2/
561,https://www.sharedmobility.news/2385-2/
562,https://www.sharedmobility.news/2385-2/
563,https://www.sharedmobility.news/2385-2/
564,https://www.sharedmobility.news/2385-2/
565,https://www.sharedmobility.news/2385-2/
566,https://www.sharedmobility.news/2385-2/
567,https://www.sharedmobility.news/2385-2/
568,https://www.sharedmobility.news/2385-2/
569,https://www.sharedmobility.news/2385-2/
570,https://www.sharedmobility.news/2385-2/
571,https://www.sharedmobility.news/2385-2/
572,https://www.sharedmobility.news/2385-2/
573,https://www.sharedmobility.news/2385-2/
574,https://www.sharedmobility.news/2385-2/
575,https://www.sharedmobility.news/2385-2/
576,https://www.sharedmobility.news/2385-2/
577,https://www.sharedmobility.news/2385-2/
578,https://www.sharedmobility.news/2385-2/
579,https://www.sharedmobility.news/2385-2/
580,https://www.sharedmobility.news/2385-2/
581,https://www.sharedmobility.news/2385-2/
582,https://www.sharedmobility.news/2385-2/
583,https://www.sharedmobility.news/2385-2/
584,https://www.sharedmobility.news/2385-2/
585,https://www.sharedmobility.news/2385-2/
586,https://www.sharedmobility.news/2385-2/
587,https://www.sharedmobility.news/2385-2/
588,https://www.sharedmobility.news/2385-2/
589,https://www.sharedmobility.news/2385-2/
590,https://www.sharedmobility.news/2385-2/
591,https://www.sharedmobility.news/2385-2/
592,https://www.sharedmobility.news/2385-2/
593,https://www.sharedmobility.news/2385-2/
594,https://www.sharedmobility.news/2385-2/
595,https://www.sharedmobility.news/2385-2/
596,https://www.sharedmobility.news/2385-2/
597,https://www.sharedmobility.news/2385-2/
598,https://www.sharedmobility.news/2385-2/
599,https://www.sharedmobility.news/2385-2/
600,https://www.sharedmobility.news/2385-2/
601,https://www.sharedmobility.news/2385-2/
602,https://www.sharedmobility.news/2385-2/
603,https://www.sharedmobility.news/2385-2/
604,https://www.sharedmobility.news/2385-2/
605,https://www.sharedmobility.news/2385-2/
606,https://www.sharedmobility.news/2385-2/
607,https://www.sharedmobility.news/2385-2/
608,https://www.sharedmobility.news/2385-2/
609,https://www.sharedmobility.news/2385-2/
610,https://www.sharedmobility.news/2385-2/
611,https://www.sharedmobility.news/2385-2/
612,https://www.sharedmobility.news/2385-2/
613,https://www.sharedmobility.news/2385-2/
614,https://www.sharedmobility.news/2385-2/
615,https://www.sharedmobility.news/2385-2/
616,https://www.sharedmobility.news/2385-2/
617,https://www.sharedmobility.news/2385-2/
618,https://www.sharedmobility.news/2385-2/
619,https://www.sharedmobility.news/2385-2/
620,https://www.sharedmobility.news/2385-2/
621,https://www.sharedmobility.news/2385-2/
622,https://www.sharedmobility.news/2385-2/
623,https://www.sharedmobility.news/2385-2/
624,https://www.sharedmobility.news/2385-2/
625,https://www.sharedmobility.news/2385-2/
626,https://www.sharedmobility.news/2385-2/
627,https://www.sharedmobility.news/2385-2/
628,https://www.sharedmobility.news/2385-2/
629,https://www.sharedmobility.news/2385-2/
630,https://www.sharedmobility.news/2385-2/
631,https://www.sharedmobility.news/2385-2/
632,https://www.sharedmobility.news/2385-2/
633,https://www.sharedmobility.news/2385-2/
634,https://www.sharedmobility.news/2385-2/
635,https://www.sharedmobility.news/2385-2/
636,https://www.sharedmobility.news/2385-2/
637,https://www.sharedmobility.news/2385-2/
638,https://www.sharedmobility.news/2385-2/
639,https://www.sharedmobility.news/2385-2/
640,https://www.sharedmobility.news/2385-2/
641,https://www.sharedmobility.news/2385-2/
642,https://www.sharedmobility.news/2385-2/
643,https://www.sharedmobility.news/2385-2/
644,https://www.sharedmobility.news/2385-2/
645,https://www.sharedmobility.news/2385-2/
646,https://www.sharedmobility.news/2385-2/
647,https://www.sharedmobility.news/2385-2/
648,https://www.sharedmobility.news/2385-2/
649,https://www.sharedmobility.news/2385-2/
650,https://www.sharedmobility.news/2385-2/
651,https://www.sharedmobility.news/2385-2/
652,https://www.sharedmobility.news/2385-2/
653,https://www.sharedmobility.news/2385-2/
654,https://www.sharedmobility.news/2385-2/
655,https://www.sharedmobility.news/2385-2/
656,https://www.sharedmobility.news/2385-2/
657,https://www.sharedmobility.news/2385-2/
658,https://www.sharedmobility.news/2385-2/
659,https://www.sharedmobility.news/2385-2/
660,https://www.sharedmobility.news/2385-2/
661,https://www.sharedmobility.news/2385-2/
662,https://www.sharedmobility.news/2385-2/
663,https://www.sharedmobility.news/2385-2/
664,https://www.sharedmobility.news/2385-2/
665,https://www.sharedmobility.news/2385-2/
666,https://www.sharedmobility.news/2385-2/
667,https://www.sharedmobility.news/2385-2/
668,https://www.sharedmobility.news/2385-2/
669,https://www.sharedmobility.news/2385-2/
670,https://www.sharedmobility.news/2385-2/
671,https://www.sharedmobility.news/2385-2/
672,https://www.sharedmobility.news/2385-2/
673,https://www.sharedmobility.news/2385-2/
674,https://www.sharedmobility.news/2385-2/
675,https://www.sharedmobility.news/2385-2/
676,https://www.sharedmobility.news/2385-2/
677,https://www.sharedmobility.news/2385-2/
678,https://www.sharedmobility.news/2385-2/
679,https://www.sharedmobility.news/2385-2/
680,https://www.sharedmobility.news/2385-2/
681,https://www.sharedmobility.news/2385-2/
682,https://www.sharedmobility.news/2385-2/
683,https://www.sharedmobility.news/2385-2/
684,https://www.sharedmobility.news/2385-2/
685,https://www.sharedmobility.news/2385-2/
686,https://www.sharedmobility.news/2385-2/
687,https://www.sharedmobility.news/2385-2/
688,https://www.sharedmobility.news/2385-2/
689,https://www.sharedmobility.news/2385-2/
690,https://www.sharedmobility.news/2385-2/
691,https://www.sharedmobility.news/2385-2/
692,https://www.sharedmobility.news/2385-2/
693,https://www.sharedmobility.news/2385-2/
694,https://www.sharedmobility.news/2385-2/
695,https://www.sharedmobility.news/2385-2/
696,https://www.sharedmobility.news/2385-2/
697,https://www.sharedmobility.news/2385-2/
698,https://www.sharedmobility.news/2385-2/
699,https://www.sharedmobility.news/2385-2/
700,https://www.sharedmobility.news/2385-2/
701,https://www.sharedmobility.news/2385-2/
702,https://www.sharedmobility.news/2385-2/
703,https://www.sharedmobility.news/2385-2/
704,https://www.sharedmobility.news/2385-2/
705,https://www.sharedmobility.news/2385-2/
706,https://www.sharedmobility.news/2385-2/
707,https://www.sharedmobility.news/2385-2/
708,https://www.sharedmobility.news/2385-2/
709,https://www.sharedmobility.news/2385-2/
710,https://www.sharedmobility.news/2385-2/
711,https://www.sharedmobility.news/2385-2/
712,https://www.sharedmobility.news/2385-2/
713,https://www.sharedmobility.news/2385-2/
714,https://www.sharedmobility.news/2385-2/
715,https://www.sharedmobility.news/2385-2/
716,https://www.sharedmobility.news/2385-2/
717,https://www.sharedmobility.news/2385-2/
718,https://www.sharedmobility.news/2385-2/
719,https://www.sharedmobility.news/2385-2/
720,https://www.sharedmobility.news/2385-2/
721,https://www.sharedmobility.news/2385-2/
722,https://www.sharedmobility.news/2385-2/
723,https://www.sharedmobility.news/2385-2/
724,https://www.sharedmobility.news/2385-2/
725,https://www.sharedmobility.news/2385-2/
726,https://www.sharedmobility.news/2385-2/
727,https://www.sharedmobility.news/2385-2/
728,https://www.sharedmobility.news/2385-2/
729,https://www.sharedmobility.news/2385-2/
730,https://www.sharedmobility.news/2385-2/
731,https://www.sharedmobility.news/2385-2/
732,https://www.sharedmobility.news/2385-2/
733,https://www.sharedmobility.news/2385-2/
734,https://www.sharedmobility.news/2385-2/
735,https://www.sharedmobility.news/2385-2/
736,https://www.sharedmobility.news/2385-2/
737,https://www.sharedmobility.news/2385-2/
738,https://www.sharedmobility.news/2385-2/
739,https://www.sharedmobility.news/2385-2/
740,https://www.sharedmobility.news/2385-2/
741,https://www.sharedmobility.news/2385-2/
742,https://www.sharedmobility.news/2385-2/
743,https://www.sharedmobility.news/2385-2/
744,https://www.sharedmobility.news/2385-2/
745,https://www.sharedmobility.news/2385-2/
746,https://www.sharedmobility.news/2385-2/
747,https://www.sharedmobility.news/2385-2/
748,https://www.sharedmobility.news/2385-2/
749,https://www.sharedmobility.news/2385-2/
750,https://www.sharedmobility.news/2385-2/
751,https://www.sharedmobility.news/2385-2/
752,https://www.sharedmobility.news/2385-2/
753,https://www.sharedmobility.news/2385-2/
754,https://www.sharedmobility.news/2385-2/
755,https://www.sharedmobility.news/2385-2/
756,https://www.sharedmobility.news/2385-2/
757,https://www.sharedmobility.news/2385-2/
758,https://www.sharedmobility.news/2385-2/
759,https://www.sharedmobility.news/2385-2/
