Address,place_id,Amenities
"Julianaplein 1, Amsterdam",ChIJCwHQg38JxkcRJeVtM9mPCnM,"post_box, recycling, fast_food, restaurant, recycling, post_box, recycling, fast_food, post_box, recycling, recycling, recycling, recycling, recycling, recycling, recycling, recycling, police, restaurant, bar, cafe, fast_food, fire_station, clinic, cafe, bank, bicycle_parking, parking, bicycle_parking, recycling, toilets, lockers, cafe, restaurant, bench, bench, bench, bench, recycling, recycling, bicycle_parking, drinking_water, bench, bench, bench, bench, bench, restaurant, restaurant, bicycle_parking, bicycle_parking, bicycle_rental, parking, parking_entrance, parking_entrance, bench, bench, bench, vending_machine, vending_machine, bench, bench, bench, bench, bench, piano, toilets, charging_station, doctors, bench, restaurant, restaurant, bench, bench, bench, bench, bench, parking, bench, bench, bench, bench, drinking_water, bench, bench, bench, clock, clock, clock, bank, waste_basket, boat_rental, post_box, public_bookcase, bicycle_parking, restaurant, bench, bench, bench, bench, bench, bench, bench, vending_machine"
"Joan Muyskenweg 22, 1096 CJ Amsterdam",ChIJxZHiajgLxkcRlOo3zmIibOs,"parking, post_box, parking, fuel, charging_station, charging_station, charging_station, charging_station, charging_station, motorcycle_parking, bench, bench, bench, bench"
"Nieuwe Leeuwarderweg, 1021 BZ Amsterdam",ChIJYyOpnFQIxkcRErWFhYVuAeQ,"fuel, post_box, fast_food, pharmacy, pub, pub, pub, bench, waste_basket, bench, bench, bench, waste_basket, bench, bench, waste_basket, bench, bench, waste_basket, bench, waste_disposal, recycling, recycling, recycling, recycling, recycling, recycling, recycling, post_box, waste_disposal, toilets, parking, bicycle_parking, restaurant, restaurant, restaurant, cafe, fast_food, fast_food, ice_cream, pharmacy, studio, pub, fast_food, fast_food, parking_entrance, place_of_worship, restaurant, parking, recycling, recycling, recycling, recycling, recycling, waste_basket, waste_basket, drinking_water, drinking_water, drinking_water, drinking_water, drinking_water, drinking_water, drinking_water, parking_entrance, bbq, drinking_water, taxi, parking, fountain, bench, bench, bench, bench, bench, bench, bench, bench, restaurant, dentist, toilets, bench, bench, bench, bench, drinking_water, bench, bench, bench, bench, recycling, recycling, bench, recycling, recycling, recycling, shelter, shelter, waste_basket, bench, bench, waste_basket, waste_basket, bench, bench, charging_station, fast_food, bench, bench, bench, bench, bench, bench, bench, bench, bench, bench, bench, bench, bench, bench, bench, bench, bench, bench, bench, bench, bench, bench, bench"
"Spoorslag 29, 1082 MM Amsterdam",ChIJ15K9igQKxkcR8A7le6H02hI,"cafe, parking, place_of_worship, restaurant, cafe, parking, arts_centre, theatre, bank, bicycle_parking, bicycle_parking, restaurant, restaurant, parking_entrance, recycling, bicycle_parking, parking_entrance, fast_food, restaurant, cafe, dentist, bicycle_parking, cafe, ice_cream, fast_food, bench, bench, bench, kindergarten, vending_machine, fast_food, restaurant, restaurant, bank, restaurant, bicycle_rental, fast_food, restaurant, bar, cafe, restaurant, restaurant, parking, restaurant, pub, bank, cafe, cafe, cafe, taxi, taxi, motorcycle_parking, cafe, cafe, toilets, bench, bench, cafe, school, cafe, restaurant, kindergarten, post_box, food_court, bench, cafe, bicycle_rental, bicycle_rental, charging_station, bench, bench, bench, parking_entrance, bench, bench, bench, bicycle_rental, restaurant, cafe, fast_food, restaurant, bench, drinking_water, drinking_water, bench, bench, bench, bench, bench, bench, bench, bench, bench, bench, bench, bench, bench, bench, bench, bench, shelter, shelter, shelter, vending_machine, vending_machine, vending_machine, vending_machine, bar, drinking_water, cafe, vending_machine, waste_basket, waste_basket, waste_basket, waste_basket, waste_basket, waste_basket, waste_basket, waste_basket, kindergarten, drinking_water, parking_entrance, parking_entrance, parking, restaurant, bench, bench, bench, bench, bench, atm, bench, bench, parking_entrance, cafe, doctors, pharmacy, parking_entrance"
"Julianaplein Oost, 1097 DN Amsterdam",ChIJPd2JhH8JxkcRQ8jSHUchci0,"post_box, recycling, fast_food, restaurant, recycling, post_box, recycling, fast_food, post_box, recycling, recycling, recycling, recycling, recycling, recycling, recycling, recycling, police, fast_food, restaurant, bar, cafe, fast_food, fire_station, clinic, cafe, bank, bicycle_parking, parking, bicycle_parking, recycling, toilets, lockers, cafe, restaurant, bench, bench, bench, bench, recycling, recycling, recycling, bicycle_parking, drinking_water, bench, bench, bench, bench, bench, restaurant, restaurant, bicycle_parking, bicycle_parking, bicycle_rental, charging_station, parking, parking_entrance, parking_entrance, bench, bench, bench, vending_machine, vending_machine, bench, bench, bench, bench, bench, bench, piano, toilets, charging_station, doctors, bench, restaurant, restaurant, bench, bench, bench, bench, bench, parking, bench, bench, bench, bench, drinking_water, bench, bench, bench, clock, clock, clock, bank, waste_basket, boat_rental, post_box, public_bookcase, bicycle_parking, restaurant, bench, bench, bench, bench, bench, bench, bench, vending_machine"
"Termini 23, Amsterdam",ChIJn0fdmPwJxkcRYe7a-6JHfpI,"townhall, healthcare, social_centre, dentist, restaurant, pub, atm, fast_food, community_centre, studio, fast_food, dental_hygienist, restaurant, fast_food, social_facility, post_box, bench, bench, bench, fast_food, drinking_water, drinking_water, bicycle_parking, bench, bench, drinking_water, drinking_water, bicycle_parking, restaurant, pub, cinema, restaurant, cafe, cafe, fast_food, clinic, charging_station, bench, bench, parking, bench, bench, bench, bench, bench, bench, bench, bench, bench, bench, bench, bench, bench, bench, bench, bench, bench, bench, bench, bench, restaurant, charging_station, vending_machine, recycling, recycling, recycling, recycling, recycling, recycling, vending_machine, recycling, recycling, recycling, recycling, recycling, recycling, recycling, parking_entrance, parking_entrance, recycling, recycling, recycling, waste_basket, dentist, recycling, recycling, recycling, recycling, recycling, recycling, vending_machine, parking_entrance, recycling, recycling, recycling, recycling, recycling, recycling, recycling, waste_basket, waste_basket, bench, bench, bench, charging_station, vending_machine, recycling, parking_entrance, recycling, recycling, recycling, bench, bench, bench, bench, bench, bench, bench, bench, bench, bench, school, school, bench, bench, bench, fountain"
"Stationsplein 39, 1012 AB Amsterdam",ChIJf_z8xbcJxkcRCc-nQwIMAP8,"restaurant, pub, pub, pub, restaurant, bureau_de_change, bureau_de_change, bureau_de_change, restaurant, restaurant, bicycle_parking, post_box, fast_food, pub, bus_station, taxi, atm, restaurant, restaurant, cafe, restaurant, restaurant, cafe, fast_food, atm, cafe, restaurant, nightclub, pub, cafe, restaurant, restaurant, pub, restaurant, restaurant, bar, fast_food, restaurant, restaurant, restaurant, fast_food, vending_machine, cafe, pub, bar, atm, fast_food, fast_food, restaurant, pub, pub, restaurant, bar, bar, restaurant, restaurant, pub, restaurant, restaurant, pub, restaurant, restaurant, fast_food, bicycle_parking, pub, pub, cafe, fast_food, restaurant, restaurant, fast_food, bar, cafe, bicycle_rental, restaurant, pub, restaurant, fast_food, pub, fast_food, restaurant, cafe, bar, fast_food, fast_food, fast_food, bar, restaurant, fast_food, restaurant, casino, restaurant, restaurant, restaurant, restaurant, restaurant, restaurant, restaurant, fast_food, fast_food, fast_food, cafe, social_facility, restaurant, restaurant, pub, fast_food, pub, restaurant, pub, restaurant, restaurant, fast_food, fast_food, fast_food, bar, fast_food, fast_food, restaurant, restaurant, fast_food, restaurant, restaurant, fast_food, fast_food, restaurant, fast_food, restaurant, restaurant, cafe, pub, restaurant, bicycle_rental, restaurant, restaurant, restaurant, restaurant, restaurant, restaurant, pub, bar, coworking_space, bar, bar, pub, bar, pub, bar, community_centre, pub, pub, pub, restaurant, accupuncture, brothel, restaurant, restaurant, restaurant, cafe, cafe, cafe, cafe, parking_entrance, cafe, restaurant, atm, parking_entrance, parking_entrance, fast_food, ice_cream, restaurant, toilets, pub, fast_food, restaurant, fast_food, cafe, pub, fast_food, fast_food, bicycle_rental, bicycle_repair_station, atm, fast_food, restaurant, restaurant, restaurant, restaurant, atm, cafe, cafe, fast_food, fast_food, restaurant, fast_food, fast_food, restaurant, cafe, restaurant, restaurant, restaurant, pub, restaurant, restaurant, cafe, fast_food, fast_food, restaurant, cafe, fast_food, restaurant, restaurant, vending_machine, vending_machine, vending_machine, vending_machine, vending_machine, vending_machine, restaurant, restaurant, cannabis, restaurant, restaurant, restaurant, restaurant, fast_food, restaurant, restaurant, fast_food, fast_food, fast_food, restaurant, fast_food, pub, fast_food, restaurant, fast_food, cafe, bar, restaurant, restaurant, restaurant, toilets, restaurant, parking, parking, restaurant, restaurant, restaurant, fast_food, pub, restaurant, restaurant, pub, cafe, restaurant, bar, restaurant, ice_cream, bar, fast_food, fast_food, fast_food, pub, restaurant, restaurant, bar, pub, bar, pub, fast_food, bar, restaurant, cannabis, atm, toilets, bar, restaurant, pharmacy, cafe, toilets, cafe, accupuncture, restaurant, cafe, restaurant, fast_food, restaurant, restaurant, drinking_water, restaurant, bicycle_parking, waste_basket, waste_basket, bench, vending_machine, vending_machine, bench, bench, bench, bench, bench, bench, bench, bench, bench, bench, bench, bench, bench, bench, bench, bench, bench, bench, bench, bench, bench, bench, bench, bench, bench, bench, bench, bench, bench, bench, shelter, shelter, shelter, shelter, shelter, shelter, bench, bench, bench, shelter, shelter, shelter, shelter, vending_machine, vending_machine, vending_machine, vending_machine, cafe, restaurant, bar, fast_food, restaurant, waste_basket, toilets, toilets, waste_basket, public_bookcase, piano, waste_basket, waste_basket, waste_basket, waste_basket, fast_food, parking_entrance, parking, restaurant, taxi, fast_food, restaurant, fast_food, cafe, bar, restaurant, bicycle_rental, bicycle_rental, bicycle_rental, cafe, car_rental, bureau_de_change, bar, restaurant, cafe, cafe, restaurant, fast_food, waste_basket, waste_basket, waste_basket, waste_basket, bicycle_parking, drinking_water, ferry_terminal, restaurant, restaurant, bicycle_parking, bicycle_parking, atm, atm, social_facility, pub, atm, casino, atm, recycling, recycling, waste_basket, vending_machine, bicycle_parking, bicycle_parking, bicycle_parking, bicycle_parking, bicycle_parking, bicycle_parking, bicycle_parking, bicycle_parking, bicycle_parking, clock, bar, waste_basket, shelter, recycling, recycling, recycling, recycling, clock, waste_basket, waste_basket, waste_basket, vending_machine, parking_entrance"
"Cornelis Lelylaan 35, 1062 HD Amsterdam",ChIJ71V5XiPixUcRSKlH5OYy-iE,"recycling, recycling, recycling, post_box, restaurant, pharmacy, vending_machine, bicycle_parking, bicycle_parking, post_box, bicycle_parking, bench, recycling, waste_basket, waste_basket, recycling, waste_basket, bicycle_parking, waste_basket, bench, bicycle_parking, recycling, recycling, recycling, recycling, recycling, recycling, recycling, recycling, recycling, cafe, recycling, vending_machine, atm, recycling, recycling, recycling, recycling, recycling, recycling, recycling, recycling, recycling, recycling, recycling, waste_basket, clock, waste_basket, waste_basket, waste_basket, school, cafe, recycling, waste_disposal, bench, recycling, vending_machine, bench, bench, recycling, vending_machine, vending_machine, post_box, fast_food, fast_food, fast_food, fast_food, cafe, restaurant, restaurant, fast_food, bench, bench, bench, bench, bench, bench, bench, vending_machine, vending_machine, vending_machine, vending_machine, waste_basket, waste_basket, drinking_water, drinking_water, drinking_water, school, waste_basket, waste_basket, shelter, bicycle_parking"
"Europaboulevard 4A, 1083 AD Amsterdam",ChIJLWMViCIKxkcRi1ThzDUCzCo,"theatre, conference_centre, parking, parking, parking_entrance, townhall, bench, bench, bench, bench, parking, parking_entrance, place_of_worship, restaurant, restaurant, clinic, restaurant, bench, bench, parking, coworking_space, drinking_water, bench, bench, bench, post_box, bench, bench, bench, bench, bench, bench, bench, vending_machine, vending_machine, vending_machine, vending_machine, bench, bench, bench, bench, bench, bench, bench, bench, bench, bench, bench, bench, cafe, parking_entrance, drinking_water, drinking_water, bench, toilets, recycling, parking_entrance, car_rental, car_rental, waste_basket, bicycle_parking, waste_basket, atm, parking_space, parking_space, bench, bench, parking_space, parking_space, college, bench, bench, bench, bench, waste_basket, waste_basket, bench, bench, bench, bench, bench, bench, bench, bench, bench, bench, bench"
"Kattenburgerstraat 5, 1018 JA Amsterdam",ChIJ8exiz50JxkcRA0dHjOHV59g,"pub, post_box, restaurant, restaurant, restaurant, restaurant, recycling, post_box, pharmacy, restaurant, fire_station, bicycle_parking, bicycle_parking, bicycle_parking, bicycle_parking, bicycle_parking, bicycle_parking, bicycle_parking, bicycle_parking, bicycle_parking, bicycle_parking, bicycle_parking, bicycle_parking, bicycle_parking, bicycle_parking, bicycle_parking, school, restaurant, restaurant, pub, restaurant, pub, doctors, fast_food, cafe, restaurant, cafe, atm, bench, bench, restaurant, cafe, bench, bench, bench, bench, bench, bench, bench, bench, bench, bench, bench, bench, bench, charging_station, charging_station, charging_station, charging_station, toilets, restaurant, restaurant, cafe, drinking_water, drinking_water, drinking_water, fast_food, bench, bench, college, restaurant, restaurant, parking_entrance, parking_entrance, bicycle_parking, restaurant, bicycle_parking, bicycle_parking, bicycle_parking, bicycle_parking, charging_station, waste_basket, bench, bench, waste_disposal, recycling, post_box, recycling, recycling, waste_basket, waste_disposal, recycling, bench, bench, bench, bench, bench, bench, waste_basket, waste_basket, bench, waste_basket, bench, cafe, pub, restaurant, public_bookcase, waste_basket, bench, bench, parking_entrance, restaurant, drinking_water, public_bookcase, clock, bench, bench, bench, bench, bench, cafe"
"Papaverweg 37, 1032 KK Amsterdam",ChIJn8hFfqcJxkcR-3YplNNVbTQ,"post_box, post_box, fast_food, post_box, recycling, recycling, bench, cafe, cafe, fast_food, archive, restaurant, social_facility, place_of_worship, doctors, bar, drinking_water, drinking_water, restaurant, restaurant, bench, bench, restaurant, restaurant, bench, bench, bench"
"Tt. Vasumweg 32, 1033 SC Amsterdam",ChIJAbBoy20JxkcRYq_mBgst0sI,"HTTPSConnectionPool(host='nominatim.openstreetmap.org', port=443): Max retries exceeded with url: /search?q=Tt.+Vasumweg+32%2C+1033+SC+Amsterdam&format=json&limit=1 (Caused by ReadTimeoutError(""HTTPSConnectionPool(host='nominatim.openstreetmap.org', port=443): Read timed out. (read timeout=1)""))"
"Benjamin Brittenstraat 13, 1082 ML Amsterdam",ChIJXyha_toLxkcRLy1a5Nf1gnw,"cafe, parking, bank, bicycle_parking, bicycle_parking, bicycle_parking, bicycle_parking, restaurant, post_box, post_box, restaurant, parking_entrance, bicycle_parking, parking_entrance, fast_food, college, restaurant, cafe, dentist, clinic, cafe, ice_cream, fast_food, bench, bench, bench, vending_machine, fast_food, restaurant, restaurant, bank, restaurant, bicycle_rental, fast_food, restaurant, bar, cafe, restaurant, restaurant, arts_centre, restaurant, cafe, cafe, cafe, taxi, motorcycle_parking, cafe, cafe, bench, bench, bench, bench, bench, bench, bench, bench, bench, bench, bench, bench, waste_basket, waste_basket, bench, bench, bench, bench, bench, bench, waste_basket, waste_basket, toilets, bench, bench, cafe, cafe, restaurant, kindergarten, food_court, cafe, bicycle_rental, bicycle_rental, charging_station, bicycle_rental, restaurant, cafe, fast_food, restaurant, bench, bench, bench, bench, bench, bench, bench, bench, bench, bench, bench, bench, bench, bench, bench, bench, shelter, shelter, shelter, vending_machine, vending_machine, vending_machine, vending_machine, cafe, restaurant, bar, drinking_water, restaurant, cafe, waste_basket, waste_basket, waste_basket, waste_basket, waste_basket, restaurant, kindergarten, drinking_water, parking_entrance, parking_entrance, parking, restaurant, university, courthouse, bench, bench, bench, bench, atm, drinking_water, university, college, college, parking_entrance, cafe, doctors, pharmacy, restaurant, fast_food, bicycle_parking, fountain, parking_entrance"
"Haringbuisdijk 643, 1086 VA Amsterdam",ChIJY2lvZ1APxkcRlPRWL3CNz2w,"parking_entrance, recycling, recycling, fast_food, community_centre, dentist, childcare, school, charging_station, charging_station, drinking_water, drinking_water, bench, bench, kindergarten, bench, bench, parking_entrance, charging_station, charging_station, bench, bench, bench, recycling, recycling, recycling, music_school, doctors, waste_basket, recycling, recycling, recycling, waste_disposal, waste_disposal, recycling, waste_disposal, waste_disposal, recycling, recycling, recycling, waste_disposal, recycling, recycling, waste_disposal, waste_disposal, waste_disposal, waste_disposal, recycling, recycling, waste_basket, waste_basket, recycling, waste_disposal, waste_disposal, waste_basket, waste_basket, waste_disposal, recycling, recycling"
"James Wattstraat 77-K, 1097 DL Amsterdam",ChIJ_UrCbsMJxkcRgerbh7cD-AY,"fast_food, post_box, restaurant, fast_food, post_box, recycling, recycling, recycling, recycling, police, cafe, fast_food, restaurant, bar, fast_food, fast_food, fuel, fire_station, bicycle_parking, parking, bicycle_parking, recycling, toilets, lockers, cafe, bicycle_parking, bicycle_parking, bicycle_rental, parking_entrance, parking_entrance, bench, bench, bench, vending_machine, vending_machine, bench, bench, bench, bench, bench, piano, toilets, drinking_water, charging_station, drinking_water, drinking_water, bench, restaurant, bench, bench, bench, bench, drinking_water, bench, bench, bench, bench, bench, public_bookcase, bench, bench, public_bookcase, clock, clock, clock, clock, waste_basket, post_box, public_bookcase, restaurant, vending_machine"
"Pedro de Medinalaan 1, 1086 XK Amsterdam",ChIJCTLUdMoOxkcRld1kE-4cKsU,"parking_entrance, recycling, recycling, fast_food, theatre, restaurant, dentist, childcare, school, charging_station, charging_station, drinking_water, bench, bench, bench, bench, bench, parking_entrance, charging_station, charging_station, recycling, recycling, recycling, music_school, public_bookcase, doctors, waste_disposal, waste_disposal, recycling, recycling, recycling"
"Govert Flinckstraat 309 H, 1074 CA Amsterdam",ChIJX_a1lJEJxkcREs1M-NnIszA,"post_box, recycling, pub, restaurant, atm, pub, atm, bicycle_parking, drinking_water, restaurant, fast_food, post_box, parking, pub, taxi, cafe, post_office, restaurant, atm, drinking_water, restaurant, cafe, restaurant, restaurant, restaurant, restaurant, bicycle_rental, bench, bench, bench, bench, bench, bench, restaurant, pub, pub, bar, restaurant, restaurant, restaurant, restaurant, cafe, restaurant, pub, bar, place_of_worship, cafe, restaurant, car_rental, fast_food, cafe, restaurant, restaurant, pub, pub, fast_food, bench, fast_food, fast_food, restaurant, fast_food, fast_food, fast_food, place_of_worship, recycling, recycling, recycling, recycling, recycling, place_of_worship, bench, bench, bench, bench, bar, restaurant, restaurant, pub, restaurant, childcare, restaurant, restaurant, bicycle_rental, doctors, restaurant, restaurant, restaurant, social_facility, fast_food, fast_food, fast_food, bar, fast_food, cafe, restaurant, restaurant, restaurant, cafe, restaurant, childcare, restaurant, restaurant, kindergarten, restaurant, cafe, restaurant, cafe, restaurant, restaurant, vending_machine, vending_machine, charging_station, waste_basket, bench, bench, bench, vending_machine, vending_machine, drinking_water, charging_station, bench, waste_basket, bench, bench, waste_basket, bench, bench, waste_basket, bench, bench, bench, waste_basket, bench, bench, waste_basket, bicycle_parking, bench, waste_basket, bicycle_parking, bench, waste_basket, bicycle_parking, waste_disposal, waste_basket, bench, bench, bench, bench, vending_machine, bench, bench, waste_basket, waste_basket, bench, bench, waste_basket, bench, waste_basket, vending_machine, post_box, bicycle_parking, fountain, restaurant, bench, bench, restaurant, restaurant, cafe, bench, bench, bench, brothel, cafe, cafe, restaurant, restaurant, restaurant, doctors, bench, bench, bench, bench, bench, bench, bench, bench, bench, charging_station, charging_station, charging_station, charging_station, community_centre, restaurant, bicycle_parking, bench, bench, pub, community_centre, restaurant, bench, bar, bench, bench, restaurant, drinking_water, drinking_water, drinking_water, drinking_water, marketplace, bench, fast_food, cafe, restaurant, restaurant, drinking_water, restaurant, atm, bicycle_repair_station, parking_entrance, bench, bench, restaurant, fast_food, bar, restaurant, fast_food, post_office, bench, bench, bicycle_parking, clock, clock, bench, bench, bench, bench, bench, bench, bench, bench, bench, bench, public_bookcase, clock, clock, waste_disposal, waste_disposal, waste_disposal, waste_disposal, restaurant, vending_machine, bicycle_parking, bicycle_parking, bicycle_parking, waste_basket, public_bookcase, public_bookcase, public_bookcase, cafe, public_bookcase, bench, bench, bench, bench, bench, restaurant"
1506 CK Zaandam,ChIJKfKTkZT9xUcREAv0PJoiho4,"parking, fuel, bicycle_parking, parking, townhall, cafe, pharmacy, fast_food, cinema, bank, restaurant, fuel, fuel, cafe, restaurant, fast_food, cafe, fire_station, waste_disposal, waste_disposal, bicycle_parking, bicycle_parking, bench, bench, waste_disposal, waste_disposal, waste_basket, recycling, recycling, recycling, recycling, recycling, bench, waste_basket, post_box, recycling, recycling, recycling, recycling, recycling, recycling, bicycle_rental, cafe, fast_food, restaurant, restaurant, bench, bench, shelter, shelter, bench, bench, bench, bench, bench, bench, bench, bench, vending_machine, vending_machine, parking, waste_disposal, waste_disposal, waste_disposal, recycling, fast_food, bicycle_parking, restaurant, marketplace, recycling, taxi, clock, drinking_water, toilets, drinking_water, restaurant, bus_station, doctors, fast_food, fast_food, cafe, parking_entrance, clock, archive, waste_basket, bench, playground, balance_beam"
"Van Vollenhovenstraat 5g, 3016 BE Rotterdam",ChIJ5_ZVzPwzxEcRnORjwSzG0fU,"restaurant, parking_entrance, ferry_terminal, restaurant, restaurant, restaurant, restaurant, taxi, cafe, restaurant, place_of_worship, restaurant, restaurant, parking, restaurant, restaurant, restaurant, restaurant, cafe, restaurant, clinic, cafe, bar, restaurant, restaurant, restaurant, dentist, restaurant, restaurant, restaurant, restaurant, restaurant, restaurant, restaurant, ice_cream, stripclub, stripclub, cafe, restaurant, fast_food, restaurant, restaurant, stripclub, restaurant, fast_food, restaurant, bar, car_sharing, bench, post_box, kindergarten, kindergarten, kindergarten, kindergarten, kindergarten, clinic, fountain, food_court, post_box, food_court, restaurant, post_box, bench, bench, bench, charging_station, charging_station, charging_station, charging_station, charging_station, charging_station, charging_station, charging_station, charging_station, charging_station, charging_station, post_box, charging_station, charging_station, charging_station, vending_machine, vending_machine, recycling, pub, bench, bench, bench, bench, bench, bench, bench, bench, bench, bench, bench, bench, bench, bench, bench, bench, bench, bench, bench, bench, bench, bench, bench, bench, bench, bench, bench, bench, bench, bench, bench, bench, bench, bench, bench, bench, bench, bench, bench, bench, bench, bench, bench, car_sharing, bench, bench, car_sharing, bench, bench, bench, bench, waste_basket, bench, waste_basket, waste_basket, waste_disposal, waste_basket, bench, waste_basket, waste_basket, waste_basket, waste_basket, waste_basket, bench, bench, bench, waste_basket, waste_basket, bench, waste_basket, waste_basket, bench, bench, waste_basket, bench, bench, waste_basket, waste_basket, waste_basket, bench, bench, waste_basket, waste_basket, recycling, vending_machine, vending_machine, recycling, vending_machine, recycling, vending_machine, vending_machine, vending_machine, vending_machine, bench, bench, fountain, bench, bench, bench, bench, bench, bench, bench, bench, bench, bench, bench, bench, bench, bench, bench, bench, car_sharing, toilets, atm, library, bench, bench, bench, bench, bench, bench, bench, parking_entrance, parking_entrance, dentist, fountain, bench, bench, bench, bench, bench, recycling, school, bench, bench, bench, bench, recycling, waste_basket, charging_station, recycling, charging_station, toilets, bicycle_parking, kindergarten, taxi, bicycle_parking, bench, bench, bench, bench, bench, bench, bench, bench, bench, bench, bench, bench, restaurant, bench, bench, cafe, restaurant, bicycle_parking, drinking_water, bicycle_parking, drinking_water, cafe"
"Kolk 172, 3011 MD Rotterdam",ChIJbY0fn1wzxEcRCGYhc0Mnzpo,"ice_cream, fast_food, cafe, cafe, restaurant, restaurant, restaurant, restaurant, restaurant, cafe, cafe, atm, cafe, fast_food, pub, pub, restaurant, taxi, restaurant, restaurant, restaurant, atm, cafe, restaurant, bar, restaurant, restaurant, restaurant, restaurant, pub, bar, restaurant, bar, fast_food, cafe, bar, restaurant, restaurant, restaurant, restaurant, fast_food, pub, parking, bar, restaurant, college, restaurant, cafe, casino, library, restaurant, restaurant, cafe, restaurant, fast_food, restaurant, ice_cream, restaurant, restaurant, fast_food, restaurant, townhall, restaurant, restaurant, restaurant, restaurant, restaurant, bar, fast_food, nightclub, cafe, restaurant, restaurant, pub, pub, pub, restaurant, cafe, restaurant, cafe, restaurant, cafe, bar, fast_food, fast_food, college, restaurant, restaurant, restaurant, fast_food, bar, restaurant, clinic, restaurant, bar, place_of_worship, cafe, restaurant, restaurant, pharmacy, veterinary, restaurant, post_box, restaurant, restaurant, fast_food, ice_cream, restaurant, cafe, toilets, atm, parking_entrance, parking_entrance, toilets, toilets, station, fast_food, restaurant, restaurant, restaurant, restaurant, restaurant, restaurant, fast_food, bar, restaurant, cafe, restaurant, fast_food, fast_food, fast_food, cafe, fast_food, fast_food, ice_cream, cafe, restaurant, restaurant, restaurant, restaurant, fast_food, restaurant, fast_food, restaurant, cafe, restaurant, cafe, food_court, restaurant, restaurant, post_box, charging_station, restaurant, atm, casino, post_box, vending_machine, vending_machine, vending_machine, post_box, pub, charging_station, bench, bench, bench, bench, theatre, cafe, charging_station, recycling, post_box, charging_station, post_box, charging_station, car_sharing, charging_station, charging_station, charging_station, restaurant, bench, bench, bench, bench, bench, bench, bench, parking, restaurant, parking_entrance, bench, bench, kindergarten, school, school, charging_station, clinic, bench, nightclub, clock, clock, clock, post_box, arts_centre, food_court, kindergarten, dentist, fast_food, restaurant, kindergarten, kindergarten, doctors, restaurant, training, fast_food, fast_food, charging_station, bench, parking_entrance, clock, parking, parking_entrance, parking_entrance, parking, parking_entrance, parking_entrance, parking, bench, bench, bench, dentist, bench, bench, bench, bench, bench, bench, bench, car_sharing, restaurant, parking_entrance, vending_machine, recycling, dentist, restaurant, restaurant, restaurant, restaurant, restaurant, restaurant, restaurant, bar, bar, restaurant, restaurant, bar, cafe, bar, restaurant, cafe, cafe, restaurant, restaurant, vending_machine, vending_machine, bench, bench, bench, bench, bench, bench, bench, bench, waste_basket, bench, waste_basket, waste_basket, bench, restaurant, bar, drinking_water, cafe, bench, bench, bench, bench, bench, bench, bench, bench, vending_machine, waste_basket, bicycle_parking, parking, restaurant, restaurant, restaurant, restaurant, bench, waste_basket, bar, bench, bench, recycling, waste_basket, waste_basket, bicycle_rental, waste_basket, waste_basket, waste_basket, waste_basket, waste_basket, waste_basket, waste_basket, waste_basket, waste_basket, waste_basket, waste_basket, waste_basket, waste_basket, fast_food, restaurant, fast_food, cafe, bench, recycling, bench, recycling, recycling, restaurant, bicycle_parking, toilets, bench, toilets, drinking_water, bench, bench, restaurant, cafe, parking_entrance, drinking_water, library, bench, waste_basket, bench, waste_basket, waste_basket, waste_basket, bicycle_parking, charging_station, charging_station, cafe, restaurant, bicycle_parking, bicycle_parking, bicycle_parking, bicycle_parking, bench, parking_entrance, parking_entrance"
"Stationsplein 298, 3013 AK Rotterdam",ChIJLxiJiv01xEcRItl4kkv3ZwI,"post_box, cinema, parking, fast_food, casino, parking, restaurant, restaurant, restaurant, restaurant, restaurant, post_box, restaurant, parking, restaurant, school, bank, parking_entrance, cafe, post_box, car_wash, car_rental, fuel, parking, parking, place_of_worship, bicycle_parking, bicycle_rental, restaurant, restaurant, restaurant, restaurant, cafe, parking, school, pharmacy, fast_food, community_centre, pharmacy, fast_food, restaurant, place_of_worship, restaurant, post_box, bicycle_parking, bar, cafe, fast_food, music_studio, restaurant, fast_food, fast_food, restaurant, fast_food, library, restaurant, bar, fast_food, casino, restaurant, cafe, restaurant, restaurant, restaurant, pub, restaurant, restaurant, cafe, restaurant, restaurant, restaurant, restaurant, bicycle_parking, restaurant, restaurant, bar, restaurant, restaurant, restaurant, restaurant, restaurant, fast_food, cafe, restaurant, restaurant, ice_cream, restaurant, restaurant, bank, restaurant, veterinary, restaurant, fast_food, casino, restaurant, restaurant, fast_food, restaurant, charging_station, charging_station, pub, fast_food, nightclub, pub, pub, restaurant, cafe, bench, cafe, toilets, arts_centre, toilets, cafe, restaurant, cafe, bar, fast_food, atm, restaurant, restaurant, fast_food, atm, cafe, car_rental, charging_station, taxi, restaurant, fast_food, waste_basket, charging_station, bench, bench, bench, bench, bench, bench, bench, bench, bench, bench, bench, bench, charging_station, bench, bench, bench, recycling, clock, vending_machine, vending_machine, vending_machine, vending_machine, recycling, fountain, shelter, restaurant, karaoke_box, restaurant, restaurant, cafe, nightclub, bar, toilets, parking_entrance, fast_food, school, restaurant, university, bench, bench, bench, bench, bench, bench, bench, bench, bench, bench, bench, bench, bench, bench, bench, bench, bench, bench, bench, bench, shelter, shelter, shelter, shelter, shelter, shelter, bench, bench, bench, bench, bench, vending_machine, vending_machine, vending_machine, vending_machine, vending_machine, vending_machine, vending_machine, bench, bench, bench, bench, vending_machine, bench, vending_machine, vending_machine, vending_machine, vending_machine, university, bench, bench, music_school, cafe, atm, social_facility, waste_basket, waste_basket, waste_basket, fast_food, waste_basket, recycling, restaurant, recycling, waste_basket, waste_basket, waste_basket, waste_basket, waste_basket, waste_basket, recycling, recycling, recycling, recycling, waste_basket, waste_basket, waste_basket, waste_basket, waste_basket, waste_basket, waste_basket, waste_basket, waste_basket, waste_basket, waste_basket, waste_basket, waste_basket, waste_basket, waste_basket, waste_basket, waste_basket, waste_basket, waste_basket, waste_basket, waste_basket, waste_basket, waste_basket, waste_basket, restaurant, cafe, restaurant, ice_cream, parking_entrance, parking_entrance, charging_station, bench, bicycle_parking, bicycle_parking, bicycle_parking, drinking_water, toilets, bench, bench, bench, bench, bench, bench, bench, bench, bench, bench, bench, bench, bench, bench, bench, bench, fountain, bench, bench, bench, bench, bench, bench, bench, bench, toilets, loading_dock, atm, cafe, restaurant, recycling, recycling, recycling, bench, bench, charging_station, theatre, atm, restaurant, bank, restaurant"
"Stationsplein 2, 2611 BV Delft",ChIJ81Iv48C1xUcRas5WO9tjMAI,"post_box, post_box, post_box, bench, bench, pub, nightclub, cafe, restaurant, cafe, cinema, pub, pub, cafe, fast_food, cafe, restaurant, library, fast_food, restaurant, restaurant, fast_food, pub, warehouse, pub, kindergarten, waste_basket, recycling, recycling, recycling, bench, restaurant, parking_entrance, health_centre, restaurant, post_box, restaurant, charging_station, pub, recycling, veterinary, fast_food, police, dentist, social_facility, fast_food, restaurant, kindergarten, restaurant, restaurant, fast_food, fast_food, kindergarten, community_centre, social_facility, cafe, restaurant, pub, cafe, parking_entrance, restaurant, restaurant, restaurant, fast_food, restaurant, fast_food, restaurant, restaurant, ice_cream, cafe, fast_food, restaurant, fast_food, community_centre, bar, restaurant, community_centre, fast_food, bicycle_parking, restaurant, pub, restaurant, restaurant, arts_centre, restaurant, pub, community_centre, cafe, fast_food, pharmacy, fast_food, restaurant, restaurant, university, restaurant, restaurant, restaurant, restaurant, parking_entrance, charging_station, bicycle_parking, bicycle_parking, vending_machine, bicycle_parking, bench, bench, bench, bench, bench, waste_basket, waste_basket, post_office, cafe, fast_food, fast_food, cafe, fast_food, bench, waste_basket, waste_basket, bench, bench, waste_basket, bench, waste_basket, waste_basket, bench, recycling, fast_food, restaurant, bureau_de_change, drinking_water, charging_station, charging_station, charging_station, school, public_bookcase, public_bookcase, toilets, parking, waste_basket, waste_basket, bicycle_parking, post_box, bench, community_centre, arts_centre, townhall, pub, music_school, bar, atm, bench, bench, bench, vending_machine, vending_machine, restaurant, cafe, ice_cream, vending_machine, vending_machine, bench, waste_basket, parking_entrance, parking, charging_station, vending_machine, waste_basket, vending_machine, vending_machine, vending_machine, vending_machine, bench, bench, bench, bench, bench, bench, dentist, waste_basket, bench, waste_basket, bench, waste_basket, bench, waste_basket, bench, waste_basket, bench, recycling, ice_cream, warehouse, fast_food, fast_food, charging_station, community_centre, fast_food, charging_station, locker, charging_station, post_office, bicycle_parking, bicycle_parking, bicycle_parking, bicycle_parking, parking_entrance, restaurant, recycling, recycling, recycling, recycling, waste_basket, waste_basket, waste_basket, restaurant, doctors, charging_station, recycling, charging_station, cafe, bicycle_rental, recycling, recycling, recycling, recycling, recycling, recycling, restaurant, drinking_water, bench, bench, charging_station, conference_centre, public_bookcase, luggage_locker, community_centre, community_centre, community_centre, fast_food, recycling, recycling, recycling, recycling, recycling, recycling, recycling, recycling, recycling, recycling, recycling, recycling, recycling, recycling, recycling, recycling, recycling, recycling, recycling, recycling, recycling, recycling, recycling, recycling, recycling, bar, bench, bench, bench, bench, charging_station, public_bookcase, bench, charging_station, marketplace, theatre, bicycle_parking, bicycle_parking, bicycle_parking, waste_basket, charging_station, vending_machine, public_bookcase, charging_station, charging_station, charging_station, charging_station, waste_basket, charging_station, toilets, waste_basket, bicycle_parking, bicycle_parking, bicycle_parking, waste_basket, bicycle_parking, bicycle_parking, ferry_terminal, waste_basket, waste_basket, bench, bench, bench, bench, bench"
"Houttuinen, 2613 SL Delft",ChIJl0VqwMC1xUcREGZj2zbhlRI,"post_box, post_box, post_box, post_box, bench, atm, bench, bench, pub, pub, nightclub, cafe, restaurant, cafe, cinema, pub, pub, cafe, cafe, fast_food, nightclub, fast_food, cafe, restaurant, restaurant, library, fast_food, restaurant, restaurant, fast_food, pub, warehouse, post_box, fast_food, fast_food, pub, bench, kindergarten, waste_basket, recycling, recycling, recycling, bench, restaurant, restaurant, parking_entrance, health_centre, restaurant, restaurant, charging_station, pub, recycling, restaurant, veterinary, fast_food, social_facility, restaurant, kindergarten, restaurant, restaurant, kindergarten, community_centre, social_facility, cafe, restaurant, pub, restaurant, cafe, parking_entrance, cafe, restaurant, fast_food, restaurant, restaurant, fast_food, restaurant, fast_food, pub, restaurant, restaurant, ice_cream, cafe, fast_food, restaurant, fast_food, community_centre, bar, restaurant, restaurant, fast_food, community_centre, fast_food, bicycle_parking, restaurant, restaurant, pub, restaurant, restaurant, fast_food, arts_centre, ice_cream, restaurant, cafe, fast_food, pub, fast_food, ice_cream, community_centre, cafe, fast_food, fast_food, pharmacy, fast_food, restaurant, restaurant, university, restaurant, restaurant, restaurant, cafe, restaurant, parking_entrance, restaurant, charging_station, bicycle_parking, bicycle_parking, vending_machine, bench, bench, bench, bench, bench, waste_basket, waste_basket, post_office, toilets, cafe, fast_food, fast_food, cafe, fast_food, bench, waste_basket, waste_basket, bench, bench, waste_basket, bench, waste_basket, waste_basket, bench, fast_food, restaurant, bureau_de_change, drinking_water, charging_station, charging_station, charging_station, bench, townhall, school, restaurant, public_bookcase, toilets, parking, waste_basket, waste_basket, bicycle_parking, post_box, bench, community_centre, arts_centre, townhall, pub, music_school, bar, atm, bench, bench, bench, vending_machine, vending_machine, restaurant, cafe, ice_cream, vending_machine, vending_machine, vending_machine, bench, waste_basket, parking_entrance, parking, vending_machine, waste_basket, vending_machine, vending_machine, vending_machine, vending_machine, bench, bench, bench, bench, bench, bench, dentist, waste_basket, bench, waste_basket, bench, waste_basket, bench, waste_basket, bench, waste_basket, bench, recycling, ice_cream, warehouse, fast_food, fast_food, fast_food, toilets, charging_station, recycling, recycling, community_centre, fast_food, charging_station, locker, charging_station, post_office, bicycle_parking, bicycle_parking, bicycle_parking, bicycle_parking, parking_entrance, cafe, restaurant, recycling, recycling, recycling, recycling, waste_basket, waste_basket, waste_basket, restaurant, doctors, charging_station, recycling, charging_station, cafe, bicycle_rental, recycling, recycling, recycling, recycling, recycling, recycling, restaurant, drinking_water, music_school, bench, bench, charging_station, conference_centre, public_bookcase, luggage_locker, community_centre, community_centre, community_centre, fast_food, recycling, recycling, recycling, recycling, recycling, recycling, recycling, recycling, recycling, recycling, recycling, recycling, recycling, recycling, recycling, recycling, recycling, recycling, recycling, recycling, recycling, recycling, recycling, recycling, bar, bench, bench, bench, bench, charging_station, public_bookcase, bench, charging_station, marketplace, marketplace, theatre, bicycle_parking, bicycle_parking, bicycle_parking, waste_basket, charging_station, vending_machine, public_bookcase, charging_station, charging_station, charging_station, charging_station, waste_basket, charging_station, toilets, waste_basket, waste_basket, recycling, waste_basket, bicycle_parking, bicycle_parking, bicycle_parking, waste_basket, bicycle_parking, bicycle_parking, ferry_terminal, waste_basket, waste_basket, bench, bench, bench, bench, bench"
"Kon. Julianaplein 10, 2595 AA Den Haag",ChIJUfPIYDC3xUcRCGssGASrVOo,"post_box, fast_food, parking_entrance, bicycle_parking, post_box, parking, restaurant, pharmacy, parking, pub, restaurant, pub, atm, parking, parking_entrance, bicycle_rental, taxi, bicycle_parking, taxi, bus_station, charging_station, post_box, parking, bench, taxi, parking_entrance, car_rental, cafe, fast_food, archive, library, restaurant, cafe, childcare, fast_food, fast_food, cafe, dentist, restaurant, cafe, cafe, chiropractic, restaurant, restaurant, restaurant, restaurant, restaurant, nightclub, cafe, restaurant, restaurant, restaurant, restaurant, restaurant, fast_food, restaurant, restaurant, restaurant, cafe, restaurant, fast_food, fast_food, nightclub, restaurant, restaurant, restaurant, bar, restaurant, fast_food, fast_food, restaurant, restaurant, ice_cream, cafe, restaurant, bank, fast_food, restaurant, restaurant, nightclub, cafe, fast_food, restaurant, pharmacy, fast_food, nightclub, cafe, fast_food, pub, pub, fast_food, restaurant, restaurant, fast_food, restaurant, restaurant, restaurant, restaurant, fast_food, atm, restaurant, clinic, clinic, theatre, university, ice_cream, social_facility, bench, bench, bench, social_facility, community_centre, bicycle_parking, fast_food, place_of_worship, cafe, mailboxes, office_units, meeting_centre, bureau_de_change, bar, bench, fast_food, restaurant, restaurant, university, courthouse, parking_entrance, library, bench, cafe, restaurant, restaurant, fast_food, restaurant, restaurant, restaurant, restaurant, restaurant, restaurant, drinking_water, bench, bench, bench, bench, bench, bench, bench, bench, bench, bench, bench, bench, bench, bench, bench, social_facility, restaurant, bench, bench, bench, bench, bench, bench, bench, bench, bench, bench, bench, bench, bench, bench, bench, bench, bench, vending_machine, vending_machine, vending_machine, bench, bench, bench, bench, bench, bench, bench, bench, bench, bench, vending_machine, vending_machine, vending_machine, vending_machine, vending_machine, vending_machine, vending_machine, cafe, parking, public_bookcase, cafe, post_box, charging_station, charging_station, charging_station, bicycle_parking, restaurant, restaurant, cooking_school, fast_food, post_box, atm, atm, charging_station, toilets, atm, restaurant, restaurant, restaurant, parking_entrance, parking, drinking_water, bicycle_parking, waste_basket, waste_basket, bench, bench, bench, bench, bench, bench, bench, bench, bench, bench, bench, bench, bench, bench, bicycle_parking, waste_basket, waste_basket, waste_basket, bench, recycling, recycling, recycling, vending_machine, vending_machine, bicycle_parking, bench, bench, bicycle_parking, bicycle_parking, bench, bench, bench, waste_basket, waste_basket, bench, bench, bench, bench, bench, bench, bench, bench, bench, bench, bench, waste_basket, toilets, bicycle_rental, bicycle_rental, restaurant, K+R, atm, recycling"
"Van Embdenstraat 658, 2628 CN Delft",ChIJcav2ZDS1xUcR47sCALc7rqQ,"pub, restaurant, post_box, kindergarten, bench, bench, post_box, pub, university, toilets, bench, cafe, university, university, charging_station, bicycle_parking, waste_basket, waste_basket, waste_basket, waste_basket, waste_basket, waste_basket, waste_basket, waste_basket, waste_basket, waste_basket, waste_basket, charging_station, cafe, restaurant, restaurant, charging_station, bicycle_parking, charging_station, public_bookcase, bicycle_parking, university, public_bookcase, bench, library, cafe, freezone, freezone, freezone, freezone, freezone, charging_station, charging_station, bicycle_parking, bicycle_parking, bicycle_parking, bench, parking_entrance, parking_entrance, parking_entrance, car_rental, charging_station, charging_station, bench, charging_station, charging_station, freezone, recycling, recycling, recycling, recycling, recycling, recycling, charging_station, recycling, recycling, recycling, recycling, recycling, recycling, recycling, recycling, freezone, bench, drinking_water, charging_station, bicycle_parking, vending_machine, drinking_water"
"Tandwielstraat, 3083 AV Rotterdam",ChIJlaCyipIzxEcRZ4UjqJmCwG4,"cafe, parking, fast_food, parking, parking, atm, parking, restaurant, restaurant, restaurant, restaurant, restaurant, restaurant, restaurant, fast_food, restaurant, toilets, atm, toilets, ice_cream, ice_cream, restaurant, fast_food, fast_food, restaurant, fast_food, cafe, bank, cafe, bank, restaurant, fast_food, cafe, restaurant, fast_food, parking, post_box, vending_machine, bench, bench, charging_station, pub, fast_food, charging_station, post_box, dentist, recycling, fountain, drinking_water, post_box, post_box, charging_station, post_box, fast_food, restaurant, waste_basket, charging_station, parking, bench, bench, waste_basket, waste_basket, waste_basket, bench, bench, bench, bench, bench, bench, bench, bench, bench, bicycle_parking, atm, charging_station, restaurant, restaurant, recycling, school, waste_basket, waste_basket, parking_entrance, waste_basket, bench, bench, drinking_water, parcel_locker, bench, parking"
"Wilhelminakade 101, 3072 AP Rotterdam",ChIJaZbGC0wzxEcRzWM1gb2uXxE,"courthouse, place_of_worship, pub, post_box, restaurant, events_venue, cafe, restaurant, restaurant, restaurant, waste_basket, bench, bench, bicycle_parking, dentist, waste_basket, car_sharing, car_sharing, fast_food, dentist, restaurant, restaurant, restaurant, bench, bench, bench, bench, bench, bench, bench, bench, bench, bench, bench, bench, bench, bench, bench, bench, bench, bench, bench, bench, bench, bench, bench, bench, bench, bench, bench, bench, bench, bench, parking, restaurant, restaurant, dentist, fast_food, parking, dentist, dentist, school, cafe, dentist, taxi, taxi, charging_station, charging_station, charging_station, charging_station, charging_station, charging_station, charging_station, post_box, charging_station, car_sharing, parking, taxi, bicycle_rental, bar, waste_basket, waste_basket, bicycle_repair_station, vending_machine, bench, bench, bench, bench, bench, bench, bench, bench, bench, bench, bench, bench, bench, bench, bench, bench, bench, bench, bench, bench, bench, bench, bench, bench, bench, bench, bench, bench, parking, parking_entrance, parking_entrance, car_sharing, parking_entrance, parking_entrance, parking, parking_entrance, taxi, public_bookcase, pub, public_bookcase, pub, restaurant, bench, bench, bench, food_court, post_box, waste_basket, charging_station, restaurant, restaurant, restaurant, university, post_box, restaurant, parking_entrance, waste_basket, parking_entrance, social_centre, vending_machine, vending_machine, vending_machine, bench, bench, shelter, waste_basket, waste_basket, waste_basket, waste_basket, waste_basket, recycling, recycling, waste_basket, waste_basket, bench, bench, bench, waste_basket, waste_basket, recycling, bicycle_parking, bicycle_parking, bicycle_parking, bicycle_parking, bicycle_parking, bicycle_parking, bicycle_parking, bicycle_parking, bicycle_parking, bicycle_parking, waste_basket, waste_basket, charging_station, bicycle_parking, bench, bench, bench, waste_basket, bicycle_parking, bicycle_parking, bicycle_parking, recycling, recycling, bicycle_parking, bicycle_parking, bicycle_parking, charging_station, bicycle_parking, bicycle_parking, bicycle_parking, recycling, waste_basket, recycling, waste_basket, waste_basket, waste_basket, waste_basket, bench, bicycle_parking, bicycle_parking, bench, bicycle_parking, bicycle_parking, bench, waste_basket, shelter, waste_basket, waste_basket, waste_basket, waste_basket, recycling, recycling, recycling, bicycle_parking, bicycle_parking, bicycle_parking, bicycle_parking, bicycle_parking, bicycle_parking, charging_station, charging_station, bicycle_parking, bicycle_parking, recycling, recycling, recycling, bicycle_parking, bicycle_parking, bicycle_parking, bicycle_parking, recycling, recycling, recycling, recycling, recycling, recycling, bench, bench, bicycle_parking, bicycle_parking, bench, bicycle_parking, bicycle_parking, bicycle_parking, waste_basket, bicycle_parking, bicycle_parking, waste_basket, waste_basket, waste_basket, waste_basket, bench, bench, bench, bench, bench, bench, recycling, recycling, bicycle_parking, bicycle_parking, bicycle_parking, bicycle_parking, bicycle_parking, bicycle_parking, bicycle_parking, recycling, recycling, recycling, bicycle_parking, bench, bench, bench, bench, bench, bicycle_parking, bicycle_parking, bicycle_parking, bicycle_parking, bicycle_parking, bicycle_parking, bicycle_parking, bicycle_parking, bicycle_parking, bicycle_parking, bicycle_parking, charging_station"
"Stationsplein 131, 3511 ED Utrecht",ChIJdTU-PV1vxkcRkVFWjauShso,"parking, parking, parking, fast_food, fast_food, restaurant, recycling, police, atm, restaurant, restaurant, atm, post_box, restaurant, restaurant, parking, restaurant, pub, restaurant, restaurant, taxi, waste_basket, vending_machine, bench, bench, bench, restaurant, restaurant, post_box, bench, cafe, cafe, waste_basket, bench, waste_basket, bench, recycling, bench, bench, waste_basket, waste_basket, waste_basket, vending_machine, restaurant, restaurant, bar, cafe, restaurant, restaurant, cafe, restaurant, bench, restaurant, bench, restaurant, bench, restaurant, restaurant, fast_food, fast_food, pub, fast_food, cafe, restaurant, pub, pub, pub, restaurant, taxi, restaurant, restaurant, restaurant, pub, pub, pub, pub, pub, parking, bank, cafe, restaurant, cafe, restaurant, restaurant, fast_food, bank, pub, restaurant, fountain, charging_station, restaurant, restaurant, cafe, restaurant, fast_food, fast_food, fast_food, cafe, fast_food, fast_food, toilets, parking, clinic, bicycle_parking, bicycle_parking, restaurant, restaurant, restaurant, restaurant, nightclub, restaurant, restaurant, nightclub, restaurant, restaurant, restaurant, restaurant, cafe, pharmacy, restaurant, fast_food, vending_machine, charging_station, parking, parking, fast_food, restaurant, fast_food, restaurant, fast_food, fast_food, fast_food, restaurant, cafe, restaurant, fast_food, restaurant, restaurant, restaurant, fast_food, restaurant, bar, restaurant, restaurant, casino, fast_food, restaurant, restaurant, clinic, restaurant, bicycle_parking, cafe, fast_food, restaurant, pub, restaurant, ice_cream, cafe, theatre, fast_food, ice_cream, fast_food, fast_food, fast_food, cafe, cafe, social_facility, cafe, meeting_centre, school, bank, recycling, cafe, restaurant, restaurant, cafe, nightclub, restaurant, vending_machine, vending_machine, cafe, restaurant, ice_cream, restaurant, restaurant, restaurant, cafe, bar, restaurant, bureau_de_change, atm, kindergarten, theatre, parking_entrance, restaurant, restaurant, waste_basket, waste_basket, waste_basket, waste_basket, waste_basket, waste_basket, waste_basket, waste_basket, waste_basket, waste_basket, waste_basket, waste_basket, waste_basket, waste_basket, waste_basket, waste_basket, waste_basket, waste_basket, waste_basket, waste_basket, waste_basket, waste_basket, waste_basket, waste_basket, waste_basket, waste_basket, waste_basket, waste_basket, waste_basket, waste_basket, waste_basket, waste_basket, waste_basket, waste_basket, waste_basket, waste_basket, waste_basket, waste_basket, waste_basket, waste_basket, waste_basket, waste_basket, waste_basket, waste_basket, waste_basket, waste_basket, waste_basket, waste_basket, waste_basket, waste_basket, waste_basket, waste_basket, waste_basket, waste_basket, waste_basket, waste_basket, waste_basket, waste_basket, waste_basket, waste_basket, waste_basket, waste_basket, waste_basket, waste_basket, waste_basket, waste_basket, waste_basket, waste_basket, waste_basket, waste_basket, waste_basket, waste_basket, waste_basket, waste_basket, waste_basket, waste_basket, waste_basket, waste_basket, waste_basket, waste_basket, waste_basket, waste_basket, waste_basket, waste_basket, waste_basket, waste_basket, waste_basket, waste_basket, waste_basket, waste_basket, waste_basket, waste_basket, waste_basket, waste_basket, waste_basket, waste_basket, waste_basket, waste_basket, waste_basket, waste_basket, waste_basket, waste_basket, waste_basket, waste_basket, waste_basket, waste_basket, waste_basket, waste_basket, waste_basket, waste_basket, waste_basket, waste_basket, post_box, post_box, bench, restaurant, fast_food, cafe, cafe, fast_food, cafe, restaurant, atm, toilets, bicycle_parking, shelter, ticket_validator, ticket_validator, ticket_validator, ticket_validator, ticket_validator, ticket_validator, ticket_validator, ticket_validator, ticket_validator, ticket_validator, ticket_validator, ticket_validator, ticket_validator, ticket_validator, ticket_validator, ticket_validator, ticket_validator, ticket_validator, ticket_validator, ticket_validator, ticket_validator, ticket_validator, ticket_validator, ticket_validator, ticket_validator, ticket_validator, ticket_validator, ticket_validator, ticket_validator, ticket_validator, ticket_validator, ticket_validator, ticket_validator, ticket_validator, vending_machine, ticket_validator, ticket_validator, ticket_validator, locker, ticket_validator, ticket_validator, piano, ticket_validator, ticket_validator, ticket_validator, ticket_validator, ticket_validator, ticket_validator, ticket_validator, ticket_validator, ticket_validator, ticket_validator, ticket_validator, ticket_validator, ticket_validator, ticket_validator, ticket_validator, ticket_validator, ticket_validator, ticket_validator, ticket_validator, ticket_validator, ticket_validator, ticket_validator, ticket_validator, ticket_validator, toilets, parking_entrance, ticket_validator, ticket_validator, ticket_validator, ticket_validator, ticket_validator, ticket_validator, ticket_validator, ticket_validator, townhall, restaurant, restaurant, cafe, restaurant, fast_food, restaurant, fast_food, restaurant, restaurant, fast_food, fast_food, bench, bench, bench, bench, bench, bench, bench, bench, bench, bench, bench, bench, bench, bench, bench, bench, bench, bench, bench, vending_machine, waste_basket, bench, bench, bench, bench, bench, waste_basket, bench, bench, bench, bench, bench, bench, bench, cafe, fast_food, parking_entrance, charging_station, parking, restaurant, fast_food, fast_food, atm, restaurant, taxi, bench, bench, bench, bench, atm, ticket_validator, atm, parking_entrance, taxi, bank, bank, waste_basket, charging_station, restaurant, post_box, fast_food, bank, waste_basket, waste_basket, bench, bench, bicycle_parking, bench, charging_station, bicycle_parking, bicycle_parking, bicycle_parking, vending_machine, bicycle_parking, fast_food, restaurant, pub, parking_entrance, parcel_locker, bicycle_parking, public_bookcase, bicycle_rental, bench, bench, parking, bicycle_parking, restaurant, atm, charging_station, restaurant, photo_booth, vending_machine, cafe, atm, atm, atm, cafe, toilets, cafe, bench, bench, bench, bench, bench, bench, bench, bench, vending_machine, vending_machine, vending_machine, restaurant"
"Universiteitsweg, 3584 CT Utrecht",ChIJLcD8VY5oxkcRhmc-CiVXwjQ,"pub, bench, hospital, parking_entrance, bench, bench, bench, bench, bench"
"Griffioenlaan 1BIS, 3526 LA Utrecht",ChIJOR0SZsBlxkcRaVT-YYgDhp4,"parking, post_box, parking_entrance, parking_entrance, parking_entrance, bench, waste_basket, waste_basket, waste_basket, waste_basket, waste_basket, waste_basket, waste_basket, waste_basket, waste_basket, waste_basket, waste_basket, waste_basket, fuel"
"Moreelsebrug, 3521 AG Utrecht",ChIJTR36cN9vxkcRr22ORGLskYQ,"courthouse, parking, parking, parking, fast_food, restaurant, atm, restaurant, atm, post_box, restaurant, restaurant, restaurant, parking, waste_basket, vending_machine, bench, bench, bench, restaurant, restaurant, post_box, bench, waste_basket, bench, waste_basket, bench, recycling, bench, bench, waste_basket, waste_basket, pub, fast_food, cafe, restaurant, pub, parking, parking, parking, parking, restaurant, fountain, charging_station, fast_food, fast_food, fast_food, cafe, fast_food, fast_food, toilets, parking, clinic, bicycle_parking, pharmacy, restaurant, parking, parking, restaurant, clinic, ice_cream, cafe, fast_food, fast_food, cafe, cafe, social_facility, cafe, meeting_centre, school, cafe, gym, bank, dentist, restaurant, cafe, vending_machine, vending_machine, charging_station, charging_station, cafe, ice_cream, restaurant, restaurant, restaurant, cafe, bar, restaurant, bureau_de_change, atm, kindergarten, theatre, parking_entrance, restaurant, waste_basket, waste_basket, waste_basket, waste_basket, waste_basket, waste_basket, waste_basket, waste_basket, waste_basket, waste_basket, waste_basket, waste_basket, waste_basket, waste_basket, waste_basket, waste_basket, waste_basket, waste_basket, waste_basket, waste_basket, waste_basket, waste_basket, waste_basket, waste_basket, waste_basket, waste_basket, waste_basket, waste_basket, waste_basket, waste_basket, waste_basket, waste_basket, waste_basket, waste_basket, waste_basket, waste_basket, waste_basket, waste_basket, waste_basket, waste_basket, waste_basket, waste_basket, waste_basket, waste_basket, waste_basket, waste_basket, waste_basket, waste_basket, waste_basket, waste_basket, waste_basket, waste_basket, waste_basket, waste_basket, waste_basket, waste_basket, waste_basket, waste_basket, waste_basket, waste_basket, waste_basket, waste_basket, waste_basket, waste_basket, waste_basket, waste_basket, waste_basket, waste_basket, waste_basket, waste_basket, waste_basket, waste_basket, post_box, post_box, bench, restaurant, fast_food, cafe, cafe, fast_food, cafe, restaurant, atm, shelter, ticket_validator, ticket_validator, ticket_validator, ticket_validator, ticket_validator, ticket_validator, ticket_validator, ticket_validator, ticket_validator, ticket_validator, ticket_validator, ticket_validator, ticket_validator, ticket_validator, ticket_validator, ticket_validator, ticket_validator, ticket_validator, ticket_validator, ticket_validator, ticket_validator, ticket_validator, ticket_validator, ticket_validator, ticket_validator, ticket_validator, ticket_validator, ticket_validator, ticket_validator, ticket_validator, ticket_validator, ticket_validator, ticket_validator, ticket_validator, vending_machine, ticket_validator, ticket_validator, ticket_validator, locker, ticket_validator, ticket_validator, piano, ticket_validator, ticket_validator, ticket_validator, ticket_validator, ticket_validator, ticket_validator, ticket_validator, ticket_validator, ticket_validator, ticket_validator, ticket_validator, ticket_validator, ticket_validator, ticket_validator, ticket_validator, ticket_validator, ticket_validator, ticket_validator, ticket_validator, ticket_validator, ticket_validator, ticket_validator, ticket_validator, ticket_validator, toilets, parking_entrance, ticket_validator, ticket_validator, ticket_validator, ticket_validator, ticket_validator, ticket_validator, ticket_validator, ticket_validator, townhall, restaurant, cafe, restaurant, fast_food, restaurant, fast_food, restaurant, restaurant, fast_food, fast_food, bench, bench, bench, bench, bench, bench, bench, bench, bench, bench, bench, bench, bench, bench, bench, bench, bench, bench, bench, vending_machine, waste_basket, bench, bench, bench, bench, bench, waste_basket, bench, bench, bench, bench, bench, bench, bench, cafe, fast_food, cinema, restaurant, fast_food, fast_food, atm, restaurant, taxi, bench, bench, bench, bench, atm, ticket_validator, parking_entrance, taxi, bank, bank, charging_station, restaurant, post_box, fast_food, waste_basket, waste_basket, bench, bench, bicycle_parking, bench, bicycle_parking, fast_food, parking_entrance, parcel_locker, public_bookcase, bicycle_rental, bench, restaurant, atm, charging_station, charging_station, charging_station, photo_booth, vending_machine, cafe, toilets, charging_station, charging_station, fountain, cafe, bench, bench, bench, bench, bench, courthouse, bench, bench, bench, bench, bench, vending_machine, vending_machine, vending_machine"
"Stationsplein 131, 3511 ED Utrecht",ChIJdTU-PV1vxkcRkVFWjauShso,"parking, parking, parking, fast_food, fast_food, restaurant, recycling, police, atm, restaurant, restaurant, atm, post_box, restaurant, restaurant, parking, restaurant, pub, restaurant, restaurant, taxi, waste_basket, vending_machine, bench, bench, bench, restaurant, restaurant, post_box, bench, cafe, cafe, waste_basket, bench, waste_basket, bench, recycling, bench, bench, waste_basket, waste_basket, waste_basket, vending_machine, restaurant, restaurant, bar, cafe, restaurant, restaurant, cafe, restaurant, bench, restaurant, bench, restaurant, bench, restaurant, restaurant, fast_food, fast_food, pub, fast_food, cafe, restaurant, pub, pub, pub, restaurant, taxi, restaurant, restaurant, restaurant, pub, pub, pub, pub, pub, parking, bank, cafe, restaurant, cafe, restaurant, restaurant, fast_food, bank, pub, restaurant, fountain, charging_station, restaurant, restaurant, cafe, restaurant, fast_food, fast_food, fast_food, cafe, fast_food, fast_food, toilets, parking, clinic, bicycle_parking, bicycle_parking, restaurant, restaurant, restaurant, restaurant, nightclub, restaurant, restaurant, nightclub, restaurant, restaurant, restaurant, restaurant, cafe, pharmacy, restaurant, fast_food, vending_machine, charging_station, parking, parking, fast_food, restaurant, fast_food, restaurant, fast_food, fast_food, fast_food, restaurant, cafe, restaurant, fast_food, restaurant, restaurant, restaurant, fast_food, restaurant, bar, restaurant, restaurant, casino, fast_food, restaurant, restaurant, clinic, restaurant, bicycle_parking, cafe, fast_food, restaurant, pub, restaurant, ice_cream, cafe, theatre, fast_food, ice_cream, fast_food, fast_food, fast_food, cafe, cafe, social_facility, cafe, meeting_centre, school, bank, recycling, cafe, restaurant, restaurant, cafe, nightclub, restaurant, vending_machine, vending_machine, cafe, restaurant, ice_cream, restaurant, restaurant, restaurant, cafe, bar, restaurant, bureau_de_change, atm, kindergarten, theatre, parking_entrance, restaurant, restaurant, waste_basket, waste_basket, waste_basket, waste_basket, waste_basket, waste_basket, waste_basket, waste_basket, waste_basket, waste_basket, waste_basket, waste_basket, waste_basket, waste_basket, waste_basket, waste_basket, waste_basket, waste_basket, waste_basket, waste_basket, waste_basket, waste_basket, waste_basket, waste_basket, waste_basket, waste_basket, waste_basket, waste_basket, waste_basket, waste_basket, waste_basket, waste_basket, waste_basket, waste_basket, waste_basket, waste_basket, waste_basket, waste_basket, waste_basket, waste_basket, waste_basket, waste_basket, waste_basket, waste_basket, waste_basket, waste_basket, waste_basket, waste_basket, waste_basket, waste_basket, waste_basket, waste_basket, waste_basket, waste_basket, waste_basket, waste_basket, waste_basket, waste_basket, waste_basket, waste_basket, waste_basket, waste_basket, waste_basket, waste_basket, waste_basket, waste_basket, waste_basket, waste_basket, waste_basket, waste_basket, waste_basket, waste_basket, waste_basket, waste_basket, waste_basket, waste_basket, waste_basket, waste_basket, waste_basket, waste_basket, waste_basket, waste_basket, waste_basket, waste_basket, waste_basket, waste_basket, waste_basket, waste_basket, waste_basket, waste_basket, waste_basket, waste_basket, waste_basket, waste_basket, waste_basket, waste_basket, waste_basket, waste_basket, waste_basket, waste_basket, waste_basket, waste_basket, waste_basket, waste_basket, waste_basket, waste_basket, waste_basket, waste_basket, waste_basket, waste_basket, waste_basket, waste_basket, post_box, post_box, bench, restaurant, fast_food, cafe, cafe, fast_food, cafe, restaurant, atm, toilets, bicycle_parking, shelter, ticket_validator, ticket_validator, ticket_validator, ticket_validator, ticket_validator, ticket_validator, ticket_validator, ticket_validator, ticket_validator, ticket_validator, ticket_validator, ticket_validator, ticket_validator, ticket_validator, ticket_validator, ticket_validator, ticket_validator, ticket_validator, ticket_validator, ticket_validator, ticket_validator, ticket_validator, ticket_validator, ticket_validator, ticket_validator, ticket_validator, ticket_validator, ticket_validator, ticket_validator, ticket_validator, ticket_validator, ticket_validator, ticket_validator, ticket_validator, vending_machine, ticket_validator, ticket_validator, ticket_validator, locker, ticket_validator, ticket_validator, piano, ticket_validator, ticket_validator, ticket_validator, ticket_validator, ticket_validator, ticket_validator, ticket_validator, ticket_validator, ticket_validator, ticket_validator, ticket_validator, ticket_validator, ticket_validator, ticket_validator, ticket_validator, ticket_validator, ticket_validator, ticket_validator, ticket_validator, ticket_validator, ticket_validator, ticket_validator, ticket_validator, ticket_validator, toilets, parking_entrance, ticket_validator, ticket_validator, ticket_validator, ticket_validator, ticket_validator, ticket_validator, ticket_validator, ticket_validator, townhall, restaurant, restaurant, cafe, restaurant, fast_food, restaurant, fast_food, restaurant, restaurant, fast_food, fast_food, bench, bench, bench, bench, bench, bench, bench, bench, bench, bench, bench, bench, bench, bench, bench, bench, bench, bench, bench, vending_machine, waste_basket, bench, bench, bench, bench, bench, waste_basket, bench, bench, bench, bench, bench, bench, bench, cafe, fast_food, parking_entrance, charging_station, parking, restaurant, fast_food, fast_food, atm, restaurant, taxi, bench, bench, bench, bench, atm, ticket_validator, atm, parking_entrance, taxi, bank, bank, waste_basket, charging_station, restaurant, post_box, fast_food, bank, waste_basket, waste_basket, bench, bench, bicycle_parking, bench, charging_station, bicycle_parking, bicycle_parking, bicycle_parking, vending_machine, bicycle_parking, fast_food, restaurant, pub, parking_entrance, parcel_locker, bicycle_parking, public_bookcase, bicycle_rental, bench, bench, parking, bicycle_parking, restaurant, atm, charging_station, restaurant, photo_booth, vending_machine, cafe, atm, atm, atm, cafe, toilets, cafe, bench, bench, bench, bench, bench, bench, bench, bench, vending_machine, vending_machine, vending_machine, restaurant"
"Vredenburg 46, 3511 BD Utrecht",ChIJR0uKeWFvxkcRr4vBzASuCJ4,"theatre, pub, parking, parking, fast_food, police, atm, restaurant, cinema, restaurant, restaurant, post_box, restaurant, restaurant, parking, fast_food, restaurant, pub, restaurant, waste_basket, restaurant, taxi, waste_basket, vending_machine, bench, bench, bench, restaurant, restaurant, post_box, bench, cafe, cafe, waste_basket, bench, waste_basket, bench, recycling, bench, bench, waste_basket, waste_basket, waste_basket, cafe, fast_food, restaurant, vending_machine, pub, university, restaurant, bar, fast_food, fast_food, school, restaurant, restaurant, post_box, restaurant, restaurant, bar, cafe, restaurant, restaurant, restaurant, pub, pub, pub, restaurant, fast_food, arts_centre, theatre, pub, bicycle_parking, ice_cream, cafe, restaurant, restaurant, restaurant, bench, restaurant, restaurant, restaurant, bench, restaurant, restaurant, cafe, bench, restaurant, restaurant, nightclub, pedalo, restaurant, restaurant, fast_food, fast_food, pub, fast_food, cafe, restaurant, pub, waste_basket, cafe, pub, ice_cream, university, pub, pub, restaurant, taxi, post_box, restaurant, restaurant, restaurant, pub, pub, pub, atm, pub, pub, school, pub, pub, parking, bar, bar, cafe, bar, bar, fast_food, restaurant, restaurant, bank, cafe, restaurant, restaurant, cafe, restaurant, restaurant, fast_food, bank, bar, pub, bar, restaurant, marketplace, pub, pub, restaurant, bar, bar, bar, bar, restaurant, pub, restaurant, cafe, restaurant, restaurant, restaurant, restaurant, restaurant, charging_station, restaurant, restaurant, restaurant, bar, restaurant, fast_food, fast_food, parking_entrance, restaurant, restaurant, restaurant, restaurant, restaurant, cafe, restaurant, fast_food, fast_food, cafe, fast_food, parking, clinic, bicycle_parking, bicycle_parking, restaurant, restaurant, restaurant, restaurant, nightclub, restaurant, restaurant, nightclub, restaurant, restaurant, restaurant, restaurant, cafe, pharmacy, restaurant, restaurant, fast_food, fast_food, cafe, vending_machine, charging_station, parking, school, doctors, restaurant, fast_food, restaurant, fast_food, library, restaurant, fast_food, fast_food, fast_food, restaurant, cafe, casino, restaurant, bar, restaurant, fast_food, restaurant, restaurant, restaurant, restaurant, fast_food, cafe, restaurant, restaurant, bar, restaurant, fast_food, restaurant, restaurant, casino, cinema, fast_food, kindergarten, restaurant, restaurant, restaurant, restaurant, restaurant, restaurant, restaurant, casino, fast_food, restaurant, fast_food, fast_food, restaurant, restaurant, fast_food, restaurant, restaurant, restaurant, conference_centre, restaurant, cafe, restaurant, theatre, bar, restaurant, fast_food, cafe, cafe, bicycle_parking, theatre, cafe, clinic, fast_food, restaurant, pub, restaurant, parking, ice_cream, cafe, theatre, fast_food, ice_cream, fast_food, fast_food, fast_food, cafe, cafe, social_facility, cafe, meeting_centre, cafe, restaurant, cafe, restaurant, arts_centre, nightclub, vending_machine, vending_machine, cafe, restaurant, restaurant, restaurant, restaurant, cafe, bar, parking_entrance, restaurant, waste_basket, waste_basket, waste_basket, waste_basket, waste_basket, waste_basket, waste_basket, waste_basket, waste_basket, waste_basket, waste_basket, waste_basket, waste_basket, waste_basket, waste_basket, waste_basket, waste_basket, waste_basket, waste_basket, waste_basket, waste_basket, waste_basket, waste_basket, waste_basket, waste_basket, waste_basket, waste_basket, waste_basket, waste_basket, waste_basket, waste_basket, waste_basket, waste_basket, waste_basket, waste_basket, waste_basket, waste_basket, waste_basket, waste_basket, waste_basket, waste_basket, waste_basket, waste_basket, waste_basket, waste_basket, waste_basket, waste_basket, waste_basket, waste_basket, waste_basket, waste_basket, waste_basket, waste_basket, waste_basket, waste_basket, waste_basket, waste_basket, waste_basket, waste_basket, waste_basket, waste_basket, waste_basket, waste_basket, waste_basket, waste_basket, waste_basket, waste_basket, waste_basket, waste_basket, waste_basket, waste_basket, waste_basket, waste_basket, waste_basket, waste_basket, waste_basket, waste_basket, waste_basket, waste_basket, waste_basket, waste_basket, waste_basket, waste_basket, waste_basket, waste_basket, waste_basket, waste_basket, waste_basket, waste_basket, waste_basket, waste_basket, waste_basket, waste_basket, waste_basket, waste_basket, waste_basket, waste_basket, waste_basket, waste_basket, waste_basket, waste_basket, waste_basket, waste_basket, waste_basket, waste_basket, waste_basket, waste_basket, waste_basket, waste_basket, waste_basket, waste_basket, waste_basket, waste_basket, waste_basket, waste_basket, waste_basket, waste_basket, waste_basket, waste_basket, waste_basket, waste_basket, waste_basket, waste_basket, waste_basket, waste_basket, waste_basket, waste_basket, waste_basket, waste_basket, waste_basket, waste_basket, waste_basket, waste_basket, waste_basket, waste_basket, waste_basket, waste_basket, waste_basket, waste_basket, waste_basket, waste_basket, waste_basket, waste_basket, waste_basket, waste_basket, waste_basket, waste_basket, waste_basket, waste_basket, waste_basket, waste_basket, waste_basket, waste_basket, waste_basket, waste_basket, waste_basket, waste_basket, waste_basket, waste_basket, waste_basket, waste_basket, waste_basket, waste_basket, waste_basket, waste_basket, waste_basket, waste_basket, waste_basket, waste_basket, waste_basket, waste_basket, waste_basket, waste_basket, waste_basket, waste_basket, waste_basket, waste_basket, waste_basket, waste_basket, waste_basket, waste_basket, waste_basket, waste_basket, waste_basket, waste_basket, waste_basket, waste_basket, waste_basket, waste_basket, waste_basket, waste_basket, waste_basket, waste_basket, waste_basket, post_box, restaurant, bar, fast_food, restaurant, fast_food, cafe, cafe, fast_food, cafe, restaurant, atm, toilets, bicycle_parking, bicycle_rental, ticket_validator, ticket_validator, ticket_validator, ticket_validator, ticket_validator, ticket_validator, ticket_validator, ticket_validator, ticket_validator, ticket_validator, ticket_validator, ticket_validator, ticket_validator, vending_machine, ticket_validator, ticket_validator, ticket_validator, ticket_validator, piano, ticket_validator, ticket_validator, ticket_validator, ticket_validator, ticket_validator, ticket_validator, ticket_validator, ticket_validator, ticket_validator, ticket_validator, ticket_validator, ticket_validator, ticket_validator, toilets, ticket_validator, ticket_validator, ticket_validator, ticket_validator, ticket_validator, ticket_validator, ticket_validator, ticket_validator, restaurant, restaurant, fast_food, restaurant, fast_food, restaurant, restaurant, fast_food, fast_food, bench, bench, bench, bench, bench, bench, bench, bench, bench, bench, bench, bench, bench, vending_machine, waste_basket, bench, bench, bench, bench, bench, bench, bench, bench, fast_food, parking_entrance, charging_station, parking, restaurant, bicycle_parking, cafe, restaurant, toilets, fast_food, fast_food, atm, restaurant, school, bench, bench, bench, atm, ticket_validator, drinking_water, drinking_water, atm, taxi, waste_basket, charging_station, restaurant, fast_food, bicycle_parking, toilets, bank, bench, fast_food, bicycle_parking, fast_food, public_bookcase, restaurant, fountain, pub, parking_entrance, parcel_locker, bench, bench, bicycle_parking, public_bookcase, post_box, post_box, bicycle_rental, bench, bench, bench, bench, parking, bicycle_parking, restaurant, waste_basket, charging_station, charging_station, fast_food, restaurant, restaurant, waste_basket, cafe, atm, atm, atm, cafe, boat_rental, toilets, bench, cafe, recycling, waste_basket, recycling, recycling, bench, bench, bench, vending_machine, vending_machine, vending_machine, bicycle_parking, restaurant, charging_station, charging_station"
"Harm Buiterplein 2, Groningen",ChIJOakMc1ItyEcRYaWWwxx-e4A,"cinema, recycling, parking, college, bench, bench, bench, parking_entrance, restaurant, bench, bicycle_rental, community_centre, kindergarten, fast_food, studio, restaurant, casino, parking, bench, parking_entrance, restaurant, parking, bench, bench, bench, bench, bench, bench, bench, bench, bench, bench, bench, bench, bench, bench, bench, bench, bench, clock, clock, vending_machine, vending_machine, parking_entrance, bicycle_parking, post_box, dentist, bench, parking, parking, parking_entrance, fast_food, parking_entrance, parking_entrance, taxi, charging_station, clock, drinking_water, atm, doctors, bicycle_parking, bench, bench, bench, bench, bench, bench, bench, bench, bench, parking_entrance, cafe, restaurant, restaurant, bicycle_parking, bench, bench, drinking_water, bench, bench, bench, bench, bench, bench, bench, recycling, compressed_air, recycling, parcel_locker"
"Stationsweg 3, 8911 AG Leeuwarden",ChIJr6d5MIP-yEcRuZ109RIE8jU,"parking_entrance, bank, atm, bank, restaurant, parking_entrance, bicycle_parking, fast_food, cafe, nightclub, restaurant, fast_food, bar, pub, place_of_worship, bar, restaurant, bar, marketplace, fast_food, fast_food, bicycle_rental, drinking_water, toilets, bar, bar, bar, bar, cafe, restaurant, bar, bar, bar, bar, post_box, nightclub, pub, pub, restaurant, charging_station, charging_station, charging_station, atm, fast_food, restaurant, fast_food, social_facility, restaurant, dentist, fast_food, bank, fast_food, fast_food, cafe, restaurant, bar, cafe, courthouse, bar, restaurant, bank, restaurant, fast_food, cafe, ice_cream, fast_food, cafe, atm, restaurant, fast_food, theatre, bar, restaurant, restaurant, cafe, restaurant, cinema, bar, bar, restaurant, courthouse, parking_entrance, piano, bar, bank, fast_food, parking_entrance, clock, bar, bench, bench, parking_entrance, waste_basket, bench, waste_basket, bench, waste_basket, restaurant, waste_basket, bench, bench, bench, waste_basket, waste_basket, bench, bench, bench, bench, bench, bench, bench, bench, bench, bench, bench, bench, bench, bench, bench, atm, post_box, bench, toilets, social_facility, recycling, bench, bench, parking_entrance, cinema, bench, bench, bench, bench, bench, bench, bench, bench, vending_machine, vending_machine, vending_machine, bar, restaurant, restaurant, bicycle_rental, waste_basket, parking_entrance, parking_entrance, waste_basket, bench, waste_basket, bench, waste_basket, vending_machine, recycling, recycling, restaurant, waste_basket, bench, bench, charging_station, fast_food, bench, bench, waste_basket, bench, bench, pub, bench, fast_food, restaurant, waste_basket, waste_basket, charging_station, taxi, post_box, bench, bench, bench, bench, bench, waste_basket, waste_basket, waste_basket, waste_basket, waste_basket, waste_basket, bench, bench, waste_basket, waste_basket, bench, bench, bench, bench, bench, recycling, recycling, vending_machine, vending_machine, recycling, vending_machine, recycling, recycling, vending_machine, vending_machine, waste_basket, waste_basket, vending_machine, vending_machine, recycling, recycling, waste_basket, bench, bench, waste_basket, bench, vending_machine, parking_entrance, drinking_water, boat_rental, parking_entrance, parking_entrance, parking_entrance, bench, bench, bench, bench, bench, bench, bench, bench, bench, bench, bench, public_bookcase, pub, waste_basket, parking_entrance, parking_entrance, parking_entrance, vending_machine, vending_machine, vending_machine, fast_food, parking, public_bookcase, bench, bench, waste_basket, fast_food, pub, parking_entrance, pub, bench, bench, vending_machine, vending_machine, vending_machine, waste_basket, waste_basket, bench, bench, bench, bench, bench, bench, vending_machine, vending_machine, vending_machine, vending_machine, vending_machine, bench, bank"
"Keizer Karelplein, 6211 ST Maastricht",ChIJhUv8DbfpwEcReSbuZCk-S-Q,"place_of_worship, university, bank, bicycle_parking, bicycle_parking, bicycle_parking, bicycle_parking, bicycle_parking, bicycle_parking, bicycle_parking, parking_entrance, vending_machine, vending_machine, bench, school, cafe, restaurant, vending_machine, bench, recycling, bench, bench, bicycle_parking, bench, vending_machine, restaurant, restaurant, restaurant, post_box, parking_entrance, fast_food, restaurant, restaurant, restaurant, pub, restaurant, ice_cream, restaurant, fast_food, restaurant, fast_food, restaurant, restaurant, restaurant, cafe, arts_centre, restaurant, bar, restaurant, restaurant, restaurant, fast_food, pub, restaurant, bar, atm, cafe, fast_food, restaurant, restaurant, fast_food, restaurant, restaurant, parking, restaurant, restaurant, restaurant, restaurant, restaurant, restaurant, fast_food, restaurant, restaurant, restaurant, restaurant, restaurant, cafe, restaurant, restaurant, restaurant, fast_food, pub, restaurant, restaurant, restaurant, fast_food, cafe, pub, fast_food, restaurant, cafe, restaurant, restaurant, restaurant, fast_food, restaurant, pub, restaurant, restaurant, restaurant, restaurant, restaurant, fast_food, restaurant, restaurant, restaurant, cafe, bar, restaurant, restaurant, cafe, restaurant, restaurant, cafe, restaurant, restaurant, restaurant, restaurant, restaurant, theatre, university, theatre, pub, pub, pub, theatre, fast_food, cafe, casino, restaurant, restaurant, restaurant, social_facility, cafe, bar, pub, cafe, restaurant, fast_food, townhall, restaurant, restaurant, restaurant, restaurant, restaurant, fast_food, cafe, drinking_water, bench, bench, bench, bench, restaurant, bar, bar, cafe, restaurant, cafe, atm, recycling, drinking_water, taxi, restaurant, restaurant, bar, atm, place_of_worship, waste_basket, waste_basket, parking, atm, post_box, cafe, fast_food, restaurant, waste_basket, bar, restaurant, cafe, restaurant, fast_food, fast_food, charging_station, bar, waste_basket, place_of_worship, restaurant, atm, doctors, cafe, toilets, waste_basket, charging_station, fast_food, toilets, fountain, bench, nightclub, restaurant, restaurant, restaurant, bar, toilets, fountain, restaurant, restaurant, fountain, recycling, university, fountain, bicycle_parking, waste_basket, waste_basket, waste_basket, waste_basket, waste_basket, waste_basket, waste_basket, waste_basket, waste_basket, waste_basket, bench, parking_space, bicycle_parking, bicycle_parking, bicycle_parking, bicycle_parking, waste_basket, waste_basket, waste_basket, waste_basket, waste_basket, waste_basket, waste_basket, waste_basket, waste_basket, waste_basket, waste_basket, waste_basket, waste_basket, waste_basket, bicycle_parking, bicycle_parking, waste_basket, parking_entrance, restaurant, restaurant, post_office, restaurant, cafe, place_of_worship, bench, bench, ice_cream, ice_cream, ice_cream, parking_entrance, parking_entrance, bar, bar, cafe, bar, bar, nightclub, restaurant, restaurant, charging_station"
"Eindhoven Station, 23, Stationsplein 22, Eindhoven",ChIJV5NH9BzZxkcRckT7vgjLoeE,'NoneType' object has no attribute 'latitude'
"Stationsplein 17, 8011 CW Zwolle",ChIJF5NLt9nfx0cRBlVeBspKiDU,"parking, parking, atm, parking_entrance, parking, library, fast_food, cafe, post_box, bench, bench, social_facility, clinic, townhall, fast_food, university, fast_food, dentist, fast_food, kindergarten, restaurant, doctors, fast_food, dentist, fast_food, fast_food, bank, clinic, bureau_de_change, cafe, fast_food, dentist, cafe, childcare, nursing_home, restaurant, social_facility, social_centre, community_centre, drinking_water, fast_food, charging_station, toilets, community_centre, bench, bench, bench, coworking_space, cafe, fountain, dentist, fast_food, vending_machine, vending_machine, vending_machine, vending_machine, vending_machine, vending_machine, vending_machine, clock, waste_basket, waste_basket, waste_basket, waste_basket, waste_basket, bench, bench, waste_basket, waste_basket, waste_basket, waste_basket, waste_basket, waste_basket, bench, bench, bench, bench, bench, waste_basket, waste_basket, waste_basket, waste_basket, bench, bench, bench, waste_basket, waste_basket, waste_basket, waste_basket, waste_basket, waste_basket, bench, waste_basket, bench, bench, waste_basket, bench, waste_basket, bench, waste_basket, waste_basket, bench, bench, waste_basket, waste_basket, waste_basket, waste_basket, waste_basket, waste_basket, waste_basket, bench, waste_basket, waste_basket, bench, waste_basket, drinking_water, bench, bench, bench, bench, recycling, bench, bench, bench, bench, fountain, bench, bench, bench, bench, bench, bench, bench, bench, bench, bench, ice_cream, cafe, piano, post_box, fast_food, waste_basket, taxi, bench, bicycle_parking, waste_basket, waste_basket, waste_basket, waste_basket, waste_basket, waste_basket, bench, bench, bench, bench, bench, bench, bench, bench, bench, bench, boat_rental, waste_basket, waste_basket, bench, waste_basket, waste_basket, waste_basket, waste_basket, waste_basket, bench, bench, waste_basket, waste_basket, waste_basket, waste_basket, waste_basket, waste_basket, waste_basket, waste_basket, waste_basket, waste_basket, waste_basket, waste_basket, waste_basket, waste_basket, bench, bench, bench, bench, bench, bench, bench, bench, waste_basket, waste_basket, waste_basket, waste_basket, waste_basket, bicycle_rental, bench, bicycle_parking, bicycle_parking, bench, bench, bench, bench, bench, parking_entrance, parking_entrance, parking_entrance, bicycle_rental, social_facility, bench, bench, atm, atm, fast_food, cafe, bench, bench, bench, bench, bench, bench, bench, bench, bench, bench, bench, bench, bench, waste_basket, waste_basket, waste_basket, waste_basket, waste_basket, waste_basket, waste_basket, waste_basket, waste_basket, waste_basket, waste_basket, waste_basket, waste_basket, waste_basket, parking_entrance, bench, bench, charging_station, atm, vending_machine, recycling, bench"
"Busplein 16, 1315 KR Almere",ChIJGU-a6R8XxkcR5cxWLxQYpgs,"parking, post_box, fast_food, fast_food, fast_food, library, pub, pub, fast_food, restaurant, fast_food, fast_food, restaurant, fast_food, fast_food, fast_food, college, pharmacy, marketplace, cafe, bar, bank, bar, toilets, restaurant, restaurant, fast_food, townhall, ice_cream, fast_food, bank, restaurant, bar, restaurant, restaurant, restaurant, fast_food, restaurant, restaurant, cafe, place_of_worship, fast_food, fast_food, fast_food, casino, fast_food, cafe, restaurant, fast_food, restaurant, fast_food, restaurant, fast_food, restaurant, restaurant, cafe, fast_food, theatre, atm, atm, atm, cafe, bicycle_parking, bicycle_parking, parking_entrance, parking_entrance, parking_entrance, bench, bench, vending_machine, vending_machine, vending_machine, bench, bench, bench, bench, bench, bench, bench, bench, bench, bench, bench, bench, bench, vending_machine, vending_machine, archive, bank, drinking_water, restaurant"
